,balance,change_base,close,date,mark,open,trade_amount
0,8000000.0,-0.029435492342276028,2940.006,2014-12-10,0.0,2855.94,700.2948241209549
1,8000000.0,-0.009497497893450954,2925.743,2014-12-11,0.0,2912.3459999999995,0.0
2,8000000.0,-0.0036342409263455944,2938.173,2014-12-12,0.0,2929.36,0.0
3,8000000.0,-0.006353018334071534,2953.421,2014-12-15,0.0,2921.446,0.0
4,8000000.0,0.004673623329319255,3021.518,2014-12-16,0.0,2953.8109999999997,0.0
5,8303195.2,0.030325677979071028,3061.02,2014-12-17,-1.0,3031.952,100.0
6,8303195.2,0.010072152908399764,3057.5209999999997,2014-12-18,0.0,3062.801,0.0
7,8303195.2,0.006918598462206003,3108.5959999999995,2014-12-19,0.0,3053.075,0.0
8,8616121.9,0.031098337086608478,3127.445,2014-12-22,-1.0,3129.2670000000003,100.0
9,8616121.9,-0.014322805243300126,3032.612,2014-12-23,0.0,3085.08,0.0
10,8616121.9,-0.02963306863700605,2972.532,2014-12-24,0.0,3039.2059999999997,0.0
11,8316875.7,-0.04571653708551697,3072.5359999999996,2014-12-25,1.0,2992.462,100.0
12,8316875.7,0.027791702742523197,3157.603,2014-12-26,0.0,3078.005,0.0
13,8638131.6,0.06851142656057062,3168.0159999999996,2014-12-29,-1.0,3212.559,100.0
14,8638131.6,-0.016374963181801153,3165.815,2014-12-30,0.0,3160.801,0.0
15,8638131.6,-0.01259598997288341,3234.677,2014-12-31,0.0,3172.597,0.0
16,8638131.6,0.014137242464387535,3350.5190000000002,2015-01-05,0.0,3258.627,0.0
17,8971211.5,0.03549898988200736,3351.446,2015-01-06,-1.0,3330.7990000000004,100.0
18,8971211.5,-0.0012475016149885638,3373.954,2015-01-07,0.0,3326.6490000000003,0.0
19,8971211.5,0.012205968225573427,3293.4559999999997,2015-01-08,0.0,3371.9570000000003,0.0
20,8971211.5,-0.01642800579194477,3285.4120000000003,2015-01-09,0.0,3276.965,0.0
21,8971211.5,-0.022277855990385127,3229.316,2015-01-12,0.0,3258.2129999999997,0.0
22,8648857.3,-0.03327302699949326,3235.301,2015-01-13,1.0,3223.542,100.0
23,8648857.3,0.005796744755403301,3222.437,2015-01-14,0.0,3242.337,0.0
24,8648857.3,0.00016376815639866608,3336.455,2015-01-15,0.0,3224.07,0.0
25,8983217.600000001,0.03590767205317143,3376.495,2015-01-16,-1.0,3343.603,100.0
26,8664244.900000002,-0.04824111906755648,3116.3509999999997,2015-01-19,1.0,3189.7270000000003,100.0
27,8664244.900000002,-0.024134067091338866,3173.052,2015-01-20,0.0,3114.56,0.0
28,8664244.900000002,-0.00020131166149546975,3323.611,2015-01-21,0.0,3189.085,0.0
29,8996976.800000003,0.04135221179574308,3343.344,2015-01-22,-1.0,3327.3190000000004,100.0
30,8996976.800000003,0.008869868481568337,3351.764,2015-01-23,0.0,3357.0959999999995,0.0
31,8996976.800000003,0.0059565190243831435,3383.1820000000002,2015-01-26,0.0,3347.257,0.0
32,8996976.800000003,0.01844740760145046,3352.96,2015-01-27,0.0,3389.853,0.0
33,8996976.800000003,-0.00048019648064396463,3305.738,2015-01-28,0.0,3325.722,0.0
34,8996976.800000003,-0.02096411871505255,3262.305,2015-01-29,0.0,3258.9970000000003,0.0
35,8996976.800000003,-0.016364123434095584,3210.363,2015-01-30,0.0,3273.7470000000003,0.0
36,8682163.200000003,-0.05691717257450137,3128.3,2015-02-02,1.0,3148.136,100.0
37,8682163.200000003,0.002518942766451807,3204.907,2015-02-03,0.0,3156.086,0.0
38,8682163.200000003,0.02013370177370553,3174.1259999999997,2015-02-04,0.0,3212.822,0.0
39,9007284.400000002,0.03170386920323868,3136.531,2015-02-05,-1.0,3251.212,100.0
40,8695275.400000002,-0.04202506978965345,3075.907,2015-02-06,1.0,3120.09,100.0
41,8695275.400000002,-0.018469011036360228,3095.1240000000003,2015-02-09,0.0,3063.51,0.0
42,8695275.400000002,-0.009577769221062151,3141.593,2015-02-10,0.0,3090.49,0.0
43,8695275.400000002,0.00816176669268039,3157.704,2015-02-11,0.0,3145.765,0.0
44,8695275.400000002,0.011991605970818537,3173.4159999999997,2015-02-12,0.0,3157.9590000000003,0.0
45,8695275.400000002,0.020935682350489846,3203.827,2015-02-13,0.0,3186.808,0.0
46,8695275.400000002,0.026838216832281346,3222.363,2015-02-16,0.0,3206.137,0.0
47,9018363.800000003,0.03429216276412272,3246.906,2015-02-17,-1.0,3230.884,100.0
48,9018363.800000003,0.007859715969303118,3228.843,2015-02-25,0.0,3256.4790000000003,0.0
49,9018363.800000003,-0.0027103012863146933,3298.3590000000004,2015-02-26,0.0,3222.151,0.0
50,9018363.800000003,0.020003148478038354,3310.303,2015-02-27,0.0,3296.8309999999997,0.0
51,9351635.900000002,0.03055671326822724,3336.285,2015-03-02,-1.0,3332.7209999999995,100.0
52,9351635.900000002,-0.004529048028827058,3263.052,2015-03-03,0.0,3317.695,0.0
53,9351635.900000002,-0.02099729733207257,3279.533,2015-03-04,0.0,3264.1820000000002,0.0
54,9351635.900000002,-0.02102763867975237,3248.4759999999997,2015-03-05,0.0,3264.085,0.0
55,9351635.900000002,-0.02607267899740026,3241.187,2015-03-06,0.0,3248.0359999999996,0.0
56,9029204.500000002,-0.033621725427486045,3302.408,2015-03-09,1.0,3224.3140000000003,100.0
57,9029204.500000002,0.019692710890718765,3286.0679999999998,2015-03-10,0.0,3289.085,0.0
58,9029204.500000002,0.01984439417143871,3290.9,2015-03-11,0.0,3289.594,0.0
59,9029204.500000002,0.027301389248805225,3349.323,2015-03-12,0.0,3314.813,0.0
60,9365153.300000003,0.040236488417282494,3372.9109999999996,2015-03-13,-1.0,3359.488,100.0
61,9365153.300000003,0.009338992757046435,3449.305,2015-03-16,0.0,3391.158,0.0
62,9712113.600000003,0.03173706040719939,3502.847,2015-03-17,-1.0,3469.603,100.0
63,9712113.600000003,0.011650188961632453,3577.301,2015-03-18,0.0,3510.5009999999997,0.0
64,9712113.600000003,0.02975823115033789,3582.2709999999997,2015-03-19,0.0,3576.0190000000002,0.0
65,10070822.000000004,0.03275111483310684,3617.3179999999998,2015-03-20,-1.0,3587.0840000000003,100.0
66,10070822.000000004,0.014565517908279538,3687.728,2015-03-23,0.0,3640.1040000000003,0.0
67,10070822.000000004,0.028566832468127235,3691.41,2015-03-24,0.0,3692.5690000000004,0.0
68,10070822.000000004,0.025501276435749027,3660.7270000000003,2015-03-25,0.0,3680.953,0.0
69,10070822.000000004,0.015062842845932121,3682.095,2015-03-26,0.0,3641.942,0.0
70,10070822.000000004,0.026870971049885794,3691.0959999999995,2015-03-27,0.0,3686.134,0.0
71,10441883.200000003,0.03329046529251773,3786.5679999999998,2015-03-30,-1.0,3710.612,100.0
72,10441883.200000003,0.029394554572118606,3747.8990000000003,2015-03-31,0.0,3822.987,0.0
73,10441883.200000003,0.010065255553124867,3810.2940000000003,2015-04-01,0.0,3748.34,0.0
74,10824652.100000003,0.030586863248294262,3825.784,2015-04-02,-1.0,3827.6890000000003,100.0
75,10824652.100000003,-0.006390626450189343,3863.929,2015-04-03,0.0,3803.383,0.0
76,10824652.100000003,0.018395299813818405,3961.3779999999997,2015-04-07,0.0,3899.42,0.0
77,11222305.300000003,0.03743035388625059,3994.8109999999997,2015-04-08,-1.0,3976.532,100.0
78,11222305.300000003,0.007388177617800709,3957.534,2015-04-09,0.0,4006.13,0.0
79,11222305.300000003,-0.007356569690324885,4034.31,2015-04-10,0.0,3947.492,0.0
80,11222305.300000003,0.023618350671037486,4121.715,2015-04-13,0.0,4072.723,0.0
81,11634883.500000002,0.03617496028631663,4135.565,2015-04-14,-1.0,4125.782,100.0
82,11634883.500000002,0.002385599548124015,4084.163,2015-04-15,0.0,4135.648,0.0
83,11634883.500000002,-0.01722570191295886,4194.823,2015-04-16,0.0,4055.9159999999997,0.0
84,12060355.800000003,0.030305380632299636,4287.295999999999,2015-04-17,-1.0,4254.723,100.0
85,12060355.800000003,0.010840545019333434,4217.077,2015-04-20,0.0,4301.352,0.0
86,12060355.800000003,-0.01009879670527281,4293.623,2015-04-21,0.0,4212.185,0.0
87,12060355.800000003,0.011586218175592232,4398.494000000001,2015-04-22,0.0,4304.597,0.0
88,12501804.300000003,0.036190404996279235,4414.508,2015-04-23,-1.0,4414.485,100.0
89,12501804.300000003,-0.013437708550899596,4393.686,2015-04-24,0.0,4355.951,0.0
90,12501804.300000003,0.00617839681813924,4527.396,2015-04-27,0.0,4441.929,0.0
91,12501804.300000003,0.024990972107954933,4476.215,2015-04-28,0.0,4527.635,0.0
92,12501804.300000003,0.007114969257458228,4476.62,2015-04-29,0.0,4446.119000000001,0.0
93,12501804.300000003,0.015286147954511898,4441.655,2015-04-30,0.0,4483.013,0.0
94,12501804.300000003,0.006047269936143229,4480.464,2015-05-04,0.0,4441.343,0.0
95,12501804.300000003,0.014590450390281163,4298.706,2015-05-05,0.0,4479.848,0.0
96,12501804.300000003,-0.023852635226355827,4229.266,2015-05-06,0.0,4311.641,0.0
97,12082014.700000003,-0.05159465598957191,4112.214,2015-05-07,1.0,4197.896,100.0
98,12082014.700000003,-0.010814392735440192,4205.917,2015-05-08,0.0,4152.984,0.0
99,12082014.700000003,0.007887700882311721,4333.584,2015-05-11,0.0,4231.271,0.0
100,12516251.700000003,0.033270771491144276,4401.219,2015-05-12,-1.0,4342.37,100.0
101,12516251.700000003,0.01363081498226636,4375.76,2015-05-13,0.0,4402.378,0.0
102,12516251.700000003,0.006962561424949029,4378.311,2015-05-14,0.0,4372.816,0.0
103,12516251.700000003,0.0055994954683291935,4308.691,2015-05-15,0.0,4366.822,0.0
104,12516251.700000003,-0.015071664919311823,4283.491,2015-05-18,0.0,4277.895,0.0
105,12516251.700000003,-0.013204840102506464,4417.552,2015-05-19,0.0,4285.777,0.0
106,12516251.700000003,0.020881496845870155,4446.288,2015-05-20,0.0,4434.979,0.0
107,12516251.700000003,0.025595571347949764,4529.4220000000005,2015-05-21,0.0,4456.435,0.0
108,12974750.100000003,0.052914906573283675,4657.596,2015-05-22,-1.0,4584.984,100.0
109,12974750.100000003,0.016113689157363227,4813.798,2015-05-25,0.0,4660.075,0.0
110,13460235.100000003,0.05558688733946465,4910.897,2015-05-26,-1.0,4854.85,100.0
111,13460235.100000003,0.01581156192591441,4941.714,2015-05-27,0.0,4932.846,0.0
112,13460235.100000003,0.017980711776625847,4620.266,2015-05-28,0.0,4943.742,0.0
113,12999888.600000003,-0.054607779140278076,4611.744000000001,2015-05-29,1.0,4603.465,100.0
114,12999888.600000003,0.006395936369142162,4828.738,2015-06-01,0.0,4633.098,0.0
115,13484359.000000004,0.04979437340237927,4910.527,2015-06-02,-1.0,4844.704000000001,100.0
116,13484359.000000004,0.016180104666961955,4909.978,2015-06-03,0.0,4924.380999999999,0.0
117,13484359.000000004,0.013890039477339779,4947.102,2015-06-04,0.0,4912.945,0.0
118,13985967.800000004,0.03416686469615348,5023.096,2015-06-05,-1.0,5016.088,100.0
119,13985967.800000004,0.005867577383805018,5131.880999999999,2015-06-08,0.0,5045.694,0.0
120,13985967.800000004,0.025241071765172787,5113.534000000001,2015-06-09,0.0,5145.978,0.0
121,13985967.800000004,0.006557280296253122,5106.036,2015-06-10,0.0,5049.197,0.0
122,13985967.800000004,0.016730962238113135,5121.593,2015-06-11,0.0,5101.44,0.0
123,13985967.800000004,0.024741690375306512,5166.35,2015-06-12,0.0,5143.343,0.0
124,14503409.600000005,0.030598610317140968,5062.9929999999995,2015-06-15,-1.0,5174.418,100.0
125,14002968.600000005,-0.03397163701615172,4887.43,2015-06-16,1.0,5004.41,100.0
126,14002968.600000005,-0.02328163498992949,4967.9,2015-06-17,0.0,4890.55,0.0
127,14002968.600000005,-0.012521952364380804,4785.36,2015-06-18,0.0,4942.52,0.0
128,13533975.600000005,-0.06705430571458412,4478.36,2015-06-19,1.0,4689.93,100.0
129,13086814.600000005,-0.048823578084851015,4576.49,2015-06-23,1.0,4471.61,100.0
130,13086814.600000005,0.02887776952512504,4690.15,2015-06-24,0.0,4604.58,0.0
131,13557990.600000005,0.05096821569859257,4527.78,2015-06-25,-1.0,4711.76,100.0
132,13117997.600000005,-0.07087158204789619,4192.87,2015-06-26,1.0,4399.93,100.0
133,13117997.600000005,-0.02567969844537116,4053.03,2015-06-29,0.0,4289.77,0.0
134,12717322.600000005,-0.09812940662631817,4277.22,2015-06-30,1.0,4006.75,100.0
135,13138737.600000005,0.049215144216508584,4053.7,2015-07-01,-1.0,4214.15,100.0
136,12732875.600000005,-0.038320907106356286,3912.77,2015-07-02,1.0,4058.62,100.0
137,12353504.600000005,-0.06982874284012217,3686.92,2015-07-03,1.0,3793.71,100.0
138,12751025.600000005,0.045657965239572246,3775.91,2015-07-06,-1.0,3975.21,100.0
139,12385547.600000005,-0.08767422389309337,3727.12,2015-07-07,1.0,3654.78,100.0
140,12038807.600000005,-0.05404049143450427,3507.19,2015-07-08,1.0,3467.4,100.0
141,12038807.600000005,-0.010182231350784506,3709.33,2015-07-09,0.0,3432.45,0.0
142,12409553.600000005,0.06475053001246135,3877.8,2015-07-10,-1.0,3707.46,100.0
143,12801452.600000005,0.05397564168318872,3970.39,2015-07-13,-1.0,3918.99,100.0
144,12801452.600000005,0.009948539424055889,3924.49,2015-07-14,0.0,3958.37,0.0
145,12801452.600000005,-0.011360087949067989,3805.7,2015-07-15,0.0,3874.97,0.0
146,12425602.600000005,-0.0427005454303578,3823.18,2015-07-16,1.0,3758.5,100.0
147,12425602.600000005,0.019032108200092934,3957.35,2015-07-17,0.0,3831.42,0.0
148,12820444.600000005,0.0481002527593316,3992.11,2015-07-20,-1.0,3948.42,100.0
149,12820444.600000005,-0.0021624914337927312,4017.67,2015-07-21,0.0,3939.9,0.0
150,12820444.600000005,0.01201322180045685,4026.05,2015-07-22,0.0,3996.43,0.0
151,12820444.600000005,0.01836027914585543,4123.92,2015-07-23,0.0,4022.27,0.0
152,13232919.600000005,0.04274925753075942,4070.91,2015-07-24,-1.0,4124.75,100.0
153,12834362.600000005,-0.03492097742606449,3725.56,2015-07-27,1.0,3985.57,100.0
154,12477048.600000005,-0.11542508829768783,3663.0,2015-07-28,1.0,3573.14,100.0
155,12846030.600000005,0.03162213874931576,3789.17,2015-07-29,-1.0,3689.82,100.0
156,12846030.600000005,0.022250840666809706,3705.77,2015-07-30,0.0,3773.79,0.0
157,12846030.600000005,-0.009341652829713866,3663.73,2015-07-31,0.0,3655.67,0.0
158,12846030.600000005,-0.02069991894860024,3622.91,2015-08-03,0.0,3614.99,0.0
159,12846030.600000005,-0.018766652401397146,3756.54,2015-08-04,0.0,3621.85,0.0
160,12846030.600000005,0.014905290136558388,3694.57,2015-08-05,0.0,3745.65,0.0
161,12846030.600000005,-0.017741001241208153,3661.54,2015-08-06,0.0,3625.5,0.0
162,12846030.600000005,0.0007555631382680445,3744.2,2015-08-07,0.0,3692.61,0.0
163,12846030.600000005,0.02541184301233747,3928.42,2015-08-10,0.0,3786.03,0.0
164,13238911.600000005,0.06083012413427979,3927.91,2015-08-11,-1.0,3928.81,100.0
165,13238911.600000005,-0.012259000368439884,3886.32,2015-08-12,0.0,3881.23,0.0
166,13238911.600000005,-0.015219992196200969,3954.56,2015-08-13,0.0,3869.91,0.0
167,13238911.600000005,0.011970596593409611,3965.33,2015-08-14,0.0,3976.41,0.0
168,13238911.600000005,0.004820357461295341,3993.67,2015-08-17,0.0,3947.84,0.0
169,13238911.600000005,0.01758382448182484,3748.16,2015-08-18,0.0,3999.13,0.0
170,12874231.600000005,-0.07733081057365354,3794.11,2015-08-19,1.0,3646.8,100.0
171,12874231.600000005,0.028703686440790816,3664.29,2015-08-20,0.0,3754.57,0.0
172,12874231.600000005,-0.010205099225476223,3507.74,2015-08-21,0.0,3609.96,0.0
173,12536883.600000005,-0.08102019279794163,3209.91,2015-08-24,1.0,3373.48,100.0
174,12236470.600000005,-0.12294740906685127,2964.97,2015-08-25,1.0,3004.13,100.0
175,12236470.600000005,-0.007830138989999345,2927.29,2015-08-26,0.0,2980.79,0.0
176,12236470.600000005,-0.008764183033750468,3083.59,2015-08-27,0.0,2978.03,0.0
177,12548996.600000005,0.03875837530317481,3232.35,2015-08-28,-1.0,3125.26,100.0
178,12548996.600000005,0.02444155876587288,3205.99,2015-08-31,0.0,3203.56,0.0
179,12548996.600000005,0.010314044771251052,3166.62,2015-09-01,0.0,3157.83,0.0
180,12246228.600000005,-0.032229297680071996,3160.17,2015-09-02,1.0,3027.68,100.0
181,12561166.600000005,0.038642526465526635,3080.42,2015-09-07,-1.0,3149.38,100.0
182,12255722.600000005,-0.031082620709524514,3170.45,2015-09-08,1.0,3054.44,100.0
183,12573977.600000005,0.04025388446371624,3243.09,2015-09-09,-1.0,3182.55,100.0
184,12573977.600000005,0.002507404679443983,3197.89,2015-09-10,0.0,3190.55,0.0
185,12573977.600000005,0.0021727679747168306,3200.23,2015-09-11,0.0,3189.48,0.0
186,12573977.600000005,0.01198943241120459,3114.8,2015-09-14,0.0,3221.17,0.0
187,12269597.600000005,-0.045584466784939874,3005.17,2015-09-15,1.0,3043.8,100.0
188,12269597.600000005,-0.015263305359501614,3152.26,2015-09-16,0.0,2998.04,0.0
189,12269597.600000005,0.028154713631632335,3086.06,2015-09-17,0.0,3131.98,0.0
190,12269597.600000005,0.018217709368186105,3097.92,2015-09-18,0.0,3100.28,0.0
191,12269597.600000005,0.00920871458843978,3156.54,2015-09-21,0.0,3072.09,0.0
192,12585729.600000005,0.03717434489390507,3185.62,2015-09-22,-1.0,3161.32,100.0
193,12585729.600000005,-0.007521384954680585,3115.89,2015-09-23,0.0,3137.72,0.0
194,12585729.600000005,-0.011140288310533661,3142.69,2015-09-24,0.0,3126.49,0.0
195,12585729.600000005,-0.009732181356500712,3092.35,2015-09-25,0.0,3130.85,0.0
196,12585729.600000005,-0.024549759039658798,3100.76,2015-09-28,0.0,3085.57,0.0
197,12280207.600000005,-0.03472745006906225,3038.14,2015-09-29,1.0,3055.22,100.0
198,12280207.600000005,-0.000779601944418854,3052.78,2015-09-30,0.0,3052.84,0.0
199,12595814.600000005,0.031954297591625144,3143.36,2015-10-08,-1.0,3156.07,100.0
200,12595814.600000005,-0.0029968474309105242,3183.15,2015-10-09,0.0,3146.64,0.0
201,12595814.600000005,0.011733061117130144,3287.66,2015-10-12,0.0,3193.54,0.0
202,12922030.600000005,0.03252139686588018,3293.23,2015-10-13,-1.0,3262.16,100.0
203,12922030.600000005,0.005445088749458884,3262.44,2015-10-14,0.0,3280.02,0.0
204,12922030.600000005,-0.002190456001941504,3338.07,2015-10-15,0.0,3255.03,0.0
205,12922030.600000005,0.02862757943006888,3391.35,2015-10-16,0.0,3358.3,0.0
206,13262193.600000005,0.041000931906174466,3386.7,2015-10-19,-1.0,3401.63,100.0
207,13262193.600000005,-0.007129428135778871,3425.33,2015-10-20,0.0,3377.55,0.0
208,13262193.600000005,0.007854609515365004,3320.68,2015-10-21,0.0,3428.56,0.0
209,12932964.600000005,-0.0332109261334816,3368.74,2015-10-22,1.0,3292.29,100.0
210,12932964.600000005,0.025243149620286957,3412.43,2015-10-23,0.0,3377.55,0.0
211,13277829.600000005,0.045339480666347735,3429.58,2015-10-26,-1.0,3448.65,100.0
212,13277829.600000005,-0.011589433112163249,3434.34,2015-10-27,0.0,3409.14,0.0
213,13277829.600000005,-0.009259557332287546,3375.2,2015-10-28,0.0,3417.01,0.0
214,13277829.600000005,-0.01797052338263817,3387.32,2015-10-29,0.0,3387.77,0.0
215,13277829.600000005,-0.020226135113067523,3382.56,2015-10-30,0.0,3380.28,0.0
216,12944071.600000005,-0.03327860305970199,3325.08,2015-11-02,1.0,3337.58,100.0
217,12944071.600000005,-0.002179970693506859,3316.7,2015-11-03,0.0,3330.32,0.0
218,12944071.600000005,-0.003596321888850812,3459.64,2015-11-04,0.0,3325.62,0.0
219,13289993.600000005,0.035163996507883245,3522.82,2015-11-05,-1.0,3459.22,100.0
220,13289993.600000005,0.015712318320984353,3590.03,2015-11-06,0.0,3514.44,0.0
221,13648843.600000005,0.03602619478890907,3646.88,2015-11-09,-1.0,3588.5,100.0
222,13648843.600000005,0.007989163487587795,3640.49,2015-11-10,0.0,3617.4,0.0
223,13648843.600000005,0.012792297111416781,3650.25,2015-11-11,0.0,3635.0,0.0
224,13648843.600000005,0.01868289934970826,3632.9,2015-11-12,0.0,3656.82,0.0
225,13648843.600000005,0.0034048367566847605,3580.84,2015-11-13,0.0,3600.76,0.0
226,13648843.600000005,-0.018748261158394976,3606.96,2015-11-16,0.0,3522.46,0.0
227,13648843.600000005,0.011427060204188457,3604.8,2015-11-17,0.0,3629.98,0.0
228,13648843.600000005,0.004593543519386625,3568.47,2015-11-18,0.0,3605.06,0.0
229,13648843.600000005,-0.004118888124059064,3617.06,2015-11-19,0.0,3573.78,0.0
230,13648843.600000005,0.008917943321761263,3630.5,2015-11-20,0.0,3620.79,0.0
231,13648843.600000005,0.011669379515102411,3610.31,2015-11-23,0.0,3630.87,0.0
232,13648843.600000005,0.003994015915001533,3616.11,2015-11-24,0.0,3602.89,0.0
233,13648843.600000005,0.007075125827668021,3647.93,2015-11-25,0.0,3614.07,0.0
234,13648843.600000005,0.01942031440852345,3635.55,2015-11-26,0.0,3659.57,0.0
235,13648843.600000005,0.007753266934694477,3436.3,2015-11-27,0.0,3616.54,0.0
236,13305457.600000005,-0.04503386859103163,3445.4,2015-11-30,1.0,3433.86,100.0
237,13305457.600000005,0.0024924181685083624,3456.31,2015-12-01,0.0,3442.44,0.0
238,13305457.600000005,0.004759034049410503,3536.91,2015-12-02,0.0,3450.28,0.0
239,13305457.600000005,0.02605701514296327,3584.82,2015-12-03,0.0,3525.73,0.0
240,13661272.600000005,0.034931073732136074,3524.99,2015-12-04,-1.0,3558.15,100.0
241,13661272.600000005,-0.008028760754828205,3536.93,2015-12-07,0.0,3529.81,0.0
242,13661272.600000005,-0.011225896295454223,3470.07,2015-12-08,0.0,3518.65,0.0
243,13661272.600000005,-0.027600806335160537,3472.44,2015-12-09,0.0,3462.58,0.0
244,13661272.600000005,-0.025459607298382373,3455.5,2015-12-10,0.0,3469.81,0.0
245,13317112.600000005,-0.03386506276150633,3434.58,2015-12-11,1.0,3441.6,100.0
246,13317112.600000005,-0.01119138771444764,3520.67,2015-12-14,0.0,3403.51,0.0
247,13317112.600000005,0.021753033571812356,3510.35,2015-12-15,0.0,3518.13,0.0
248,13317112.600000005,0.022852908358389545,3516.19,2015-12-16,0.0,3522.09,0.0
249,13317112.600000005,0.026044039698553668,3580.0,2015-12-17,0.0,3533.63,0.0
250,13674606.600000005,0.03729852808718472,3578.96,2015-12-18,-1.0,3574.94,100.0
251,13674606.600000005,-0.0017822214998683306,3642.47,2015-12-21,0.0,3568.58,0.0
252,13674606.600000005,0.019487162608783824,3651.77,2015-12-22,0.0,3645.99,0.0
253,13674606.600000005,0.021443743704287692,3636.09,2015-12-23,0.0,3653.28,0.0
254,13674606.600000005,0.01552332353888814,3612.49,2015-12-24,0.0,3631.31,0.0
255,13674606.600000005,0.010821654376668868,3627.91,2015-12-25,0.0,3614.05,0.0
256,13674606.600000005,0.016730981332702545,3533.78,2015-12-28,0.0,3635.77,0.0
257,13674606.600000005,-0.013190114499489843,3563.74,2015-12-29,0.0,3528.4,0.0
258,13674606.600000005,-0.0023018282852921407,3572.88,2015-12-30,0.0,3566.73,0.0
259,13674606.600000005,-0.0012519360196277395,3539.18,2015-12-31,0.0,3570.47,0.0
260,13674606.600000005,-0.010843778894358664,3296.26,2016-01-04,0.0,3536.59,0.0
261,13354941.600000005,-0.11833951167628609,3287.71,2016-01-05,1.0,3196.65,100.0
262,13354941.600000005,0.02872517235407253,3361.84,2016-01-06,0.0,3291.19,0.0
263,13685907.600000005,0.034145501350591835,3125.0,2016-01-07,-1.0,3309.66,100.0
264,13366444.600000005,-0.03600729974989271,3186.41,2016-01-08,1.0,3194.63,100.0
265,13366444.600000005,-0.020045659913469738,3016.7,2016-01-11,0.0,3131.85,0.0
266,13063828.600000005,-0.05567121368334796,3022.86,2016-01-12,1.0,3026.16,100.0
267,13063828.600000005,0.004915968182670233,2949.6,2016-01-13,0.0,3041.11,0.0
268,12776423.600000005,-0.05292531445173176,3007.65,2016-01-14,1.0,2874.05,100.0
269,13075228.600000005,0.03815197202188718,2900.97,2016-01-15,-1.0,2988.05,100.0
270,12790474.600000005,-0.04934434634807596,2913.84,2016-01-18,1.0,2847.54,100.0
271,12790474.600000005,0.022944609715173876,3007.74,2016-01-19,0.0,2914.41,0.0
272,13089775.600000005,0.04860324556215991,2976.69,2016-01-20,-1.0,2993.01,100.0
273,13089775.600000005,-0.01997689468680044,2880.48,2016-01-21,0.0,2934.39,0.0
274,13089775.600000005,-0.028133598524274276,2916.56,2016-01-22,0.0,2911.11,0.0
275,13089775.600000005,-0.020084660268295442,2938.51,2016-01-25,0.0,2934.08,0.0
276,13089775.600000005,-0.029332260327679566,2749.79,2016-01-26,0.0,2907.72,0.0
277,12814167.600000005,-0.08596629996226536,2735.56,2016-01-27,1.0,2756.08,100.0
278,12814167.600000005,-0.01656855368181888,2655.66,2016-01-28,0.0,2711.16,0.0
279,12548882.600000005,-0.03891286729366531,2737.6,2016-01-29,1.0,2652.85,100.0
280,12548882.600000005,0.02860877780137537,2688.85,2016-02-01,0.0,2730.98,0.0
281,12548882.600000005,0.013069293670339849,2749.57,2016-02-02,0.0,2687.98,0.0
282,12548882.600000005,0.024533290189257952,2739.25,2016-02-03,0.0,2719.57,0.0
283,12824025.600000005,0.035828641833519276,2781.02,2016-02-04,-1.0,2751.43,100.0
284,12824025.600000005,0.011372292567946337,2763.49,2016-02-05,0.0,2783.08,0.0
285,12824025.600000005,-0.02475642095226737,2746.2,2016-02-15,0.0,2684.96,0.0
286,12824025.600000005,0.002591913230720186,2836.57,2016-02-16,0.0,2758.58,0.0
287,12824025.600000005,0.02768079271740373,2867.34,2016-02-17,0.0,2829.76,0.0
288,13112203.600000005,0.045232460493167544,2862.89,2016-02-18,-1.0,2881.78,100.0
289,13112203.600000005,-0.009415391081999408,2860.02,2016-02-19,0.0,2854.9,0.0
290,13112203.600000005,0.00236100533130226,2927.18,2016-02-22,0.0,2888.6,0.0
291,13112203.600000005,0.01501515871361134,2903.33,2016-02-23,0.0,2925.71,0.0
292,13112203.600000005,0.0028028845488393666,2928.9,2016-02-24,0.0,2889.88,0.0
293,13112203.600000005,0.013845543144984528,2741.25,2016-02-25,0.0,2922.24,0.0
294,12836197.600000005,-0.04410049056904569,2767.21,2016-02-26,1.0,2760.06,100.0
295,12836197.600000005,-0.0019057575658575365,2687.98,2016-02-29,0.0,2754.81,0.0
296,12836197.600000005,-0.0266628973582603,2733.17,2016-03-01,0.0,2688.38,0.0
297,12836197.600000005,-0.009616756347461551,2849.68,2016-03-02,0.0,2733.77,0.0
298,13120930.600000005,0.030649766623468296,2859.76,2016-03-03,-1.0,2847.33,100.0
299,13120930.600000005,0.00042477900959791206,2874.15,2016-03-04,0.0,2848.54,0.0
300,13120930.600000005,0.013617908710473057,2897.34,2016-03-07,0.0,2886.64,0.0
301,13120930.600000005,0.016693891223792817,2901.39,2016-03-08,0.0,2895.67,0.0
302,13120930.600000005,-0.002789311864084466,2862.56,2016-03-09,0.0,2839.41,0.0
303,13120930.600000005,8.428238814155102e-05,2804.73,2016-03-10,0.0,2847.57,0.0
304,13120930.600000005,-0.023630284728213984,2810.31,2016-03-11,0.0,2781.6,0.0
305,13120930.600000005,-0.006095234056987788,2859.5,2016-03-14,0.0,2830.08,0.0
306,13120930.600000005,0.0023300793978935,2864.37,2016-03-15,0.0,2853.98,0.0
307,13120930.600000005,0.0039808165221376455,2870.43,2016-03-16,0.0,2858.71,0.0
308,13120930.600000005,0.009765563867413667,2904.83,2016-03-17,0.0,2875.41,0.0
309,13120930.600000005,0.023388623641751746,2955.15,2016-03-18,0.0,2915.52,0.0
310,13418776.600000005,0.04402610745150182,3018.8,2016-03-21,-1.0,2978.46,100.0
311,13418776.600000005,0.007719139267664593,2999.36,2016-03-22,0.0,3001.63,0.0
312,13418776.600000005,0.004249173400375116,3009.96,2016-03-23,0.0,2991.17,0.0
313,13418776.600000005,0.002792286058658144,2960.97,2016-03-24,0.0,2986.8,0.0
314,13418776.600000005,-0.007529937081388343,2979.43,2016-03-25,0.0,2956.2,0.0
315,13418776.600000005,0.003196107108075335,2957.82,2016-03-28,0.0,2988.01,0.0
316,13418776.600000005,-0.007356149233438518,2919.83,2016-03-29,0.0,2956.71,0.0
317,13418776.600000005,-0.012661412611093437,3000.64,2016-03-30,0.0,2941.22,0.0
318,13418776.600000005,0.010271252787128154,3003.92,2016-03-31,0.0,3009.37,0.0
319,13418776.600000005,0.0062160295486622386,3009.53,2016-04-01,0.0,2997.09,0.0
320,13418776.600000005,0.007490986157670602,3053.07,2016-04-05,0.0,3000.94,0.0
321,13418776.600000005,0.020159618914775523,3050.59,2016-04-06,0.0,3039.74,0.0
322,13418776.600000005,0.026118744155326126,3008.42,2016-04-07,0.0,3058.34,0.0
323,13418776.600000005,0.0032594873167792592,2984.96,2016-04-08,0.0,2988.2,0.0
324,13418776.600000005,0.00946154025228551,3033.96,2016-04-11,0.0,3006.91,0.0
325,13418776.600000005,0.017431465047999254,3023.65,2016-04-12,0.0,3031.3,0.0
326,13418776.600000005,0.020681537207038986,3066.64,2016-04-13,0.0,3041.36,0.0
327,13726785.600000005,0.032995789084085236,3082.36,2016-04-14,-1.0,3080.09,100.0
328,13726785.600000005,0.0016012810248198736,3078.12,2016-04-15,0.0,3085.03,0.0
329,13726785.600000005,-0.007072186656029541,3033.66,2016-04-18,0.0,3058.46,0.0
330,13726785.600000005,-0.010816735748064583,3042.82,2016-04-19,0.0,3047.13,0.0
331,13726785.600000005,-0.009739770127000582,2972.58,2016-04-20,0.0,3050.38,0.0
332,13431348.600000005,-0.042553911663061925,2952.89,2016-04-21,1.0,2954.37,100.0
333,13431348.600000005,-0.00727575237893908,2959.24,2016-04-22,0.0,2933.03,0.0
334,13431348.600000005,-0.001491540591938254,2946.67,2016-04-25,0.0,2949.97,0.0
335,13431348.600000005,-0.003277051807981775,2964.7,2016-04-26,0.0,2944.72,0.0
336,13431348.600000005,0.0043205861437926665,2953.67,2016-04-27,0.0,2967.19,0.0
337,13431348.600000005,0.0004635049090921025,2945.59,2016-04-28,0.0,2955.74,0.0
338,13431348.600000005,-0.006469349794575074,2938.32,2016-04-29,0.0,2935.38,0.0
339,13431348.600000005,-0.00475447134563783,2992.64,2016-05-03,0.0,2940.39,0.0
340,13431348.600000005,0.009607680780951016,2991.27,2016-05-04,0.0,2983.03,0.0
341,13431348.600000005,0.010930626510703005,2997.84,2016-05-05,0.0,2987.02,0.0
342,13431348.600000005,0.014684498399146277,2913.25,2016-05-06,0.0,2998.4,0.0
343,13431348.600000005,-0.02009902767802885,2832.11,2016-05-09,0.0,2896.16,0.0
344,13149115.600000005,-0.04678404013704987,2832.59,2016-05-10,1.0,2822.33,100.0
345,13149115.600000005,0.007459012357835668,2837.04,2016-05-11,0.0,2843.54,0.0
346,13149115.600000005,-0.0036342817315111425,2835.86,2016-05-12,0.0,2812.11,0.0
347,13149115.600000005,0.0021672570939663665,2827.11,2016-05-13,0.0,2828.46,0.0
348,13149115.600000005,-0.001970334921435017,2850.86,2016-05-16,0.0,2816.78,0.0
349,13149115.600000005,0.010031814179934236,2843.68,2016-05-17,0.0,2850.93,0.0
350,13149115.600000005,0.0020684680607316046,2807.51,2016-05-18,0.0,2828.18,0.0
351,13149115.600000005,-0.007144106112457216,2806.91,2016-05-19,0.0,2802.31,0.0
352,13149115.600000005,-0.010541052458206393,2825.48,2016-05-20,0.0,2792.89,0.0
353,13149115.600000005,0.0014081965531028155,2843.65,2016-05-23,0.0,2826.31,0.0
354,13149115.600000005,0.0061098433626323775,2821.67,2016-05-24,0.0,2839.68,0.0
355,13149115.600000005,0.004479670409131569,2815.09,2016-05-25,0.0,2835.03,0.0
356,13149115.600000005,-0.0031241780817048855,2822.44,2016-05-26,0.0,2813.54,0.0
357,13149115.600000005,-0.0015472130647239423,2821.05,2016-05-27,0.0,2817.97,0.0
358,13149115.600000005,-0.002728580818218903,2822.45,2016-05-30,0.0,2814.65,0.0
359,13149115.600000005,9.211398042231364e-05,2916.62,2016-05-31,0.0,2822.59,0.0
360,13440830.600000005,0.03250432785424135,2913.51,2016-06-01,-1.0,2917.15,100.0
361,13440830.600000005,-0.002036946709626992,2925.23,2016-06-02,0.0,2911.22,0.0
362,13440830.600000005,0.004314302390273662,2938.68,2016-06-03,0.0,2929.79,0.0
363,13440830.600000005,0.008106113927622907,2934.1,2016-06-06,0.0,2940.99,0.0
364,13440830.600000005,0.006515046248995364,2936.04,2016-06-07,0.0,2936.28,0.0
365,13440830.600000005,0.00519373341790628,2927.16,2016-06-08,0.0,2932.38,0.0
366,13440830.600000005,-0.006861631812016177,2833.07,2016-06-13,0.0,2897.27,0.0
367,13158407.600000005,-0.0329010031052712,2842.19,2016-06-14,1.0,2824.23,100.0
368,13158407.600000005,-0.0033893608177099303,2887.21,2016-06-15,0.0,2814.69,0.0
369,13158407.600000005,0.018819483046136766,2872.82,2016-06-16,0.0,2878.4,0.0
370,13158407.600000005,0.016978708741006886,2885.11,2016-06-17,0.0,2873.01,0.0
371,13158407.600000005,0.021959108476125783,2888.81,2016-06-20,0.0,2887.64,0.0
372,13158407.600000005,0.02558325685382872,2878.56,2016-06-21,0.0,2898.38,0.0
373,13158407.600000005,0.016882895364339845,2905.55,2016-06-22,0.0,2872.73,0.0
374,13158407.600000005,0.026932883131201787,2891.96,2016-06-23,0.0,2902.4,0.0
375,13158407.600000005,0.0206431880600328,2854.29,2016-06-24,0.0,2883.76,0.0
376,13158407.600000005,0.005748866420705751,2895.7,2016-06-27,0.0,2840.56,0.0
377,13158407.600000005,0.021067517963542656,2912.56,2016-06-28,0.0,2885.01,0.0
378,13450260.600000005,0.032310786594621325,2931.59,2016-06-29,-1.0,2918.53,100.0
379,13450260.600000005,0.004417563824416273,2929.61,2016-06-30,0.0,2931.48,0.0
380,13450260.600000005,0.004526229620028645,2932.48,2016-07-01,0.0,2931.8,0.0
381,13450260.600000005,0.0019697088866014534,2988.6,2016-07-04,0.0,2924.29,0.0
382,13450260.600000005,0.024473970084398698,3006.39,2016-07-05,0.0,2991.75,0.0
383,13450260.600000005,0.026676493736910136,3017.29,2016-07-06,0.0,2998.52,0.0
384,13751195.600000005,0.030179274594181373,3016.85,2016-07-07,-1.0,3009.35,100.0
385,13751195.600000005,-0.0030063359697099926,2988.09,2016-07-08,0.0,3000.33,0.0
386,13751195.600000005,-0.005210855949895585,2994.92,2016-07-11,0.0,2993.75,0.0
387,13751195.600000005,-0.005624022562923532,3049.38,2016-07-12,0.0,2992.52,0.0
388,13751195.600000005,0.013169328842994548,3060.69,2016-07-13,0.0,3049.51,0.0
389,13751195.600000005,0.014933043532342346,3054.02,2016-07-14,0.0,3054.97,0.0
390,13751195.600000005,0.01548412002564872,3054.3,2016-07-15,0.0,3056.68,0.0
391,13751195.600000005,0.012563819873738356,3043.56,2016-07-18,0.0,3047.64,0.0
392,13751195.600000005,0.010157126270051973,3036.6,2016-07-19,0.0,3040.23,0.0
393,13751195.600000005,0.00835664692837211,3027.9,2016-07-20,0.0,3034.71,0.0
394,13751195.600000005,0.006027876866164619,3039.01,2016-07-21,0.0,3027.6,0.0
395,13751195.600000005,0.009469672034021034,3012.82,2016-07-22,0.0,3038.12,0.0
396,13751195.600000005,-0.000418870446030459,3015.83,2016-07-25,0.0,3008.09,0.0
397,13751195.600000005,0.0015560510145850933,3050.17,2016-07-26,0.0,3014.04,0.0
398,13751195.600000005,0.013447548985860727,2992.0,2016-07-27,0.0,3050.37,0.0
399,13751195.600000005,-0.009679583962422382,2994.32,2016-07-28,0.0,2980.5,0.0
400,13751195.600000005,-0.005617301690202953,2979.34,2016-07-29,0.0,2992.54,0.0
401,13751195.600000005,-0.012584330153602885,2953.39,2016-08-01,0.0,2971.95,0.0
402,13751195.600000005,-0.02009098058357739,2971.28,2016-08-02,0.0,2950.08,0.0
403,13751195.600000005,-0.015570951771895975,2978.46,2016-08-03,0.0,2963.21,0.0
404,13751195.600000005,-0.011067023696332178,2982.43,2016-08-04,0.0,2976.41,0.0
405,13751195.600000005,-0.010262590725061839,2976.7,2016-08-05,0.0,2978.78,0.0
406,13751195.600000005,-0.012356103370091038,3004.28,2016-08-08,0.0,2972.62,0.0
407,13751195.600000005,-0.0026788302441267194,3025.68,2016-08-09,0.0,3001.31,0.0
408,13751195.600000005,0.0046701306776650315,3018.75,2016-08-10,0.0,3023.47,0.0
409,13751195.600000005,0.0014367816091953782,3002.64,2016-08-11,0.0,3013.68,0.0
410,13751195.600000005,-0.003026394291180436,3050.67,2016-08-12,0.0,3000.27,0.0
411,13751195.600000005,0.015419698476679091,3125.2,2016-08-15,0.0,3056.48,0.0
412,14064248.600000005,0.03870910037597477,3110.04,2016-08-16,-1.0,3130.53,100.0
413,14064248.600000005,-0.007576464681251121,3109.55,2016-08-17,0.0,3106.99,0.0
414,14064248.600000005,-0.00733006194191946,3104.11,2016-08-18,0.0,3107.75,0.0
415,14064248.600000005,-0.009721357635652395,3108.1,2016-08-19,0.0,3100.39,0.0
416,14064248.600000005,-0.00745000611447589,3084.81,2016-08-22,0.0,3107.38,0.0
417,14064248.600000005,-0.015888005140236968,3089.71,2016-08-23,0.0,3081.57,0.0
418,14064248.600000005,-0.012454641302449602,3085.88,2016-08-24,0.0,3092.02,0.0
419,14064248.600000005,-0.018575277213806075,3068.33,2016-08-25,0.0,3073.44,0.0
420,14064248.600000005,-0.019766438099581507,3070.31,2016-08-26,0.0,3069.85,0.0
421,14064248.600000005,-0.020228388181693802,3070.03,2016-08-29,0.0,3068.46,0.0
422,14064248.600000005,-0.019238533065923522,3074.68,2016-08-30,0.0,3071.44,0.0
423,14064248.600000005,-0.018747640680525403,3085.49,2016-08-31,0.0,3072.92,0.0
424,14064248.600000005,-0.015100714665559917,3063.31,2016-09-01,0.0,3083.96,0.0
425,14064248.600000005,-0.023888876169668723,3067.35,2016-09-02,0.0,3057.49,0.0
426,14064248.600000005,-0.019480836679465062,3072.1,2016-09-05,0.0,3070.71,0.0
427,14064248.600000005,-0.01936464933931615,3090.71,2016-09-06,0.0,3071.06,0.0
428,14064248.600000005,-0.0126806261382642,3091.93,2016-09-07,0.0,3091.33,0.0
429,14064248.600000005,-0.013132898590592206,3095.95,2016-09-08,0.0,3089.95,0.0
430,14064248.600000005,-0.011339296963588376,3078.85,2016-09-09,0.0,3095.43,0.0
431,13760497.600000005,-0.03062376749376956,3021.98,2016-09-12,1.0,3037.51,100.0
432,13760497.600000005,-0.004125578919878486,3023.51,2016-09-13,0.0,3025.03,0.0
433,13760497.600000005,-0.009508458240553068,3002.85,2016-09-14,0.0,3008.9,0.0
434,13760497.600000005,-0.010711005816352353,3026.05,2016-09-19,0.0,3005.32,0.0
435,13760497.600000005,-0.003415731524823563,3023.0,2016-09-20,0.0,3027.17,0.0
436,13760497.600000005,-0.0052720761985452285,3025.87,2016-09-21,0.0,3021.58,0.0
437,13760497.600000005,0.0002994977652858573,3042.31,2016-09-22,0.0,3038.42,0.0
438,13760497.600000005,0.0023909694921488,3033.9,2016-09-23,0.0,3044.79,0.0
439,13760497.600000005,-0.0030611840541041784,2980.43,2016-09-26,0.0,3028.24,0.0
440,13760497.600000005,-0.021152494965692773,2998.17,2016-09-27,0.0,2974.59,0.0
441,13760497.600000005,-0.012267137667877629,2987.86,2016-09-28,0.0,3000.7,0.0
442,13760497.600000005,-0.01515288235628328,2998.48,2016-09-29,0.0,2992.17,0.0
443,13760497.600000005,-0.014447691408533095,3004.7,2016-09-30,0.0,2994.25,0.0
444,13760497.600000005,-0.005644835554849322,3048.14,2016-10-10,0.0,3020.46,0.0
445,13760497.600000005,0.004623773602217731,3065.25,2016-10-11,0.0,3051.62,0.0
446,13760497.600000005,0.006479531092590879,3058.5,2016-10-12,0.0,3057.32,0.0
447,13760497.600000005,0.006690713120141657,3061.35,2016-10-13,0.0,3057.97,0.0
448,13760497.600000005,0.006372281230883832,3063.81,2016-10-14,0.0,3056.99,0.0
449,13760497.600000005,0.008868759972460456,3041.17,2016-10-17,0.0,3064.69,0.0
450,13760497.600000005,-3.6215184039022626e-05,3083.88,2016-10-18,0.0,3037.4,0.0
451,13760497.600000005,0.01563315239406944,3084.72,2016-10-19,0.0,3085.75,0.0
452,13760497.600000005,0.015365116000142513,3084.46,2016-10-20,0.0,3084.91,0.0
453,13760497.600000005,0.014240326605849845,3090.94,2016-10-21,0.0,3081.39,0.0
454,13760497.600000005,0.01763878333144676,3128.25,2016-10-24,0.0,3092.05,0.0
455,13760497.600000005,0.028919714703146,3131.94,2016-10-25,0.0,3127.97,0.0
456,13760497.600000005,0.029499910538557855,3116.31,2016-10-26,0.0,3129.84,0.0
457,13760497.600000005,0.024124526119642643,3112.35,2016-10-27,0.0,3112.6,0.0
458,13760497.600000005,0.023842272712664977,3104.27,2016-10-28,0.0,3111.7,0.0
459,13760497.600000005,0.019269079391319176,3100.49,2016-10-31,0.0,3097.19,0.0
460,13760497.600000005,0.02068247325625621,3122.44,2016-11-01,0.0,3101.66,0.0
461,13760497.600000005,0.025104871089600127,3102.73,2016-11-02,0.0,3115.73,0.0
462,13760497.600000005,0.01913606758009144,3128.94,2016-11-03,0.0,3096.77,0.0
463,13760497.600000005,0.02841652406160529,3125.32,2016-11-04,0.0,3126.35,0.0
464,13760497.600000005,0.027962584282966652,3133.33,2016-11-07,0.0,3124.89,0.0
465,14074591.600000005,0.03292963253038894,3147.89,2016-11-08,-1.0,3140.94,100.0
466,14074591.600000005,0.0016337791791689571,3128.37,2016-11-09,0.0,3146.08,0.0
467,14074591.600000005,0.0024138171978122904,3171.28,2016-11-10,0.0,3148.54,0.0
468,14074591.600000005,0.008979617593235324,3196.04,2016-11-11,0.0,3169.4,0.0
469,14074591.600000005,0.014671974552264787,3210.37,2016-11-14,0.0,3187.71,0.0
470,14074591.600000005,0.021498777239520792,3206.99,2016-11-15,0.0,3209.95,0.0
471,14074591.600000005,0.02105656848994856,3205.06,2016-11-16,0.0,3208.5,0.0
472,14074591.600000005,0.01799593559481005,3208.45,2016-11-17,0.0,3198.5,0.0
473,14074591.600000005,0.02065671195033659,3192.86,2016-11-18,0.0,3207.19,0.0
474,14074591.600000005,0.014916104751450509,3218.15,2016-11-21,0.0,3188.5,0.0
475,14074591.600000005,0.024849579941508472,3248.35,2016-11-22,0.0,3220.98,0.0
476,14399385.600000005,0.03294395832435328,3241.14,2016-11-23,-1.0,3247.94,100.0
477,14399385.600000005,-0.003246402238812953,3241.74,2016-11-24,0.0,3237.43,0.0
478,14399385.600000005,-0.0020671101183498517,3261.94,2016-11-25,0.0,3241.24,0.0
479,14399385.600000005,0.00676136450512993,3277.0,2016-11-28,0.0,3270.05,0.0
480,14399385.600000005,0.0065122368264086536,3282.92,2016-11-29,0.0,3269.23,0.0
481,14399385.600000005,0.007395771574565825,3250.03,2016-11-30,0.0,3272.14,0.0
482,14399385.600000005,0.002790886175442088,3273.31,2016-12-01,0.0,3257.03,0.0
483,14399385.600000005,0.006782625714041025,3243.84,2016-12-02,0.0,3270.12,0.0
484,14399385.600000005,-0.013783717983132378,3204.71,2016-12-05,0.0,3203.78,0.0
485,14399385.600000005,-0.014337779471147944,3199.65,2016-12-06,0.0,3202.03,0.0
486,14399385.600000005,-0.015466770049429965,3222.24,2016-12-07,0.0,3198.47,0.0
487,14399385.600000005,-0.006941451845421671,3215.37,2016-12-08,0.0,3225.55,0.0
488,14399385.600000005,-0.012027395040724856,3232.88,2016-12-09,0.0,3209.34,0.0
489,14399385.600000005,-0.004412942569897355,3152.97,2016-12-12,0.0,3233.67,0.0
490,14085486.600000005,-0.03470861646580597,3155.04,2016-12-13,1.0,3138.99,100.0
491,14085486.600000005,0.003299062037607506,3140.53,2016-12-14,0.0,3149.38,0.0
492,14085486.600000005,-0.004232570638820499,3117.68,2016-12-15,0.0,3125.76,0.0
493,14085486.600000005,-0.008831724789571482,3122.98,2016-12-16,0.0,3111.51,0.0
494,14085486.600000005,-0.005860864549620266,3118.08,2016-12-19,0.0,3120.7,0.0
495,14085486.600000005,-0.007410379023716965,3102.88,2016-12-20,0.0,3115.9,0.0
496,14085486.600000005,-0.010218071343056861,3137.43,2016-12-21,0.0,3107.24,0.0
497,14085486.600000005,-0.002180603800572106,3139.56,2016-12-22,0.0,3132.16,0.0
498,14085486.600000005,-0.0012950847387341808,3110.15,2016-12-23,0.0,3134.93,0.0
499,14085486.600000005,-0.014023220204291233,3122.57,2016-12-26,0.0,3095.58,0.0
500,14085486.600000005,-0.0069288731919971225,3114.66,2016-12-27,0.0,3117.39,0.0
501,14085486.600000005,-0.008099506386149202,3102.24,2016-12-28,0.0,3113.77,0.0
502,14085486.600000005,-0.013938058814408896,3096.1,2016-12-29,0.0,3095.84,0.0
503,14085486.600000005,-0.013443750302678055,3103.64,2016-12-30,0.0,3097.35,0.0
504,14085486.600000005,-0.010845938086696606,3135.92,2017-01-03,0.0,3105.31,0.0
505,14085486.600000005,-0.0016593326291805828,3158.79,2017-01-04,0.0,3133.79,0.0
506,14085486.600000005,0.0059913043753622094,3165.41,2017-01-05,0.0,3157.91,0.0
507,14085486.600000005,0.007835563787621269,3154.32,2017-01-06,0.0,3163.78,0.0
508,14085486.600000005,0.0030299854217683865,3171.24,2017-01-09,0.0,3148.53,0.0
509,14085486.600000005,0.009022689317047573,3161.67,2017-01-10,0.0,3167.57,0.0
510,14085486.600000005,0.00560713912357573,3136.75,2017-01-11,0.0,3156.69,0.0
511,14085486.600000005,-0.0017200663773295484,3119.29,2017-01-12,0.0,3133.6,0.0
512,14085486.600000005,-0.007352186079946553,3112.76,2017-01-13,0.0,3116.08,0.0
513,14085486.600000005,-0.01111293642434023,3103.43,2017-01-16,0.0,3104.49,0.0
514,14085486.600000005,-0.01683171203389652,3108.77,2017-01-17,0.0,3087.03,0.0
515,14085486.600000005,-0.01102175040341146,3113.01,2017-01-18,0.0,3104.77,0.0
516,14085486.600000005,-0.010956627600266665,3101.3,2017-01-19,0.0,3104.97,0.0
517,14085486.600000005,-0.013944609182704296,3123.14,2017-01-20,0.0,3095.82,0.0
518,14085486.600000005,-0.0043418164598677,3136.77,2017-01-23,0.0,3125.42,0.0
519,14085486.600000005,-0.0014036923489195194,3142.55,2017-01-24,0.0,3134.59,0.0
520,14085486.600000005,-0.0004270712157186718,3149.55,2017-01-25,0.0,3137.65,0.0
521,14085486.600000005,0.0032484234191323628,3159.17,2017-01-26,0.0,3149.22,0.0
522,14085486.600000005,0.00667388167388172,3140.17,2017-02-03,0.0,3160.08,0.0
523,14085486.600000005,0.0013044488067476157,3156.98,2017-02-06,0.0,3143.09,0.0
524,14085486.600000005,0.004885239665229618,3153.09,2017-02-07,0.0,3154.4,0.0
525,14085486.600000005,0.002890641627145464,3166.98,2017-02-08,0.0,3148.09,0.0
526,14085486.600000005,0.00812085859910458,3183.18,2017-02-09,0.0,3164.69,0.0
527,14085486.600000005,0.013829676941008805,3196.7,2017-02-10,0.0,3183.01,0.0
528,14085486.600000005,0.01875591983719862,3216.84,2017-02-13,0.0,3198.99,0.0
529,14085486.600000005,0.023988383590266622,3217.93,2017-02-14,0.0,3216.14,0.0
530,14085486.600000005,0.023781978317254843,3212.99,2017-02-15,0.0,3215.46,0.0
531,14085486.600000005,0.02223115164654442,3229.62,2017-02-16,0.0,3210.36,0.0
532,14085486.600000005,0.02748697993314153,3202.08,2017-02-17,0.0,3227.71,0.0
533,14085486.600000005,0.018746717683247135,3239.96,2017-02-20,0.0,3198.96,0.0
534,14409708.600000005,0.03183929529766642,3253.33,2017-02-21,-1.0,3242.22,100.0
535,14409708.600000005,0.00321887422410382,3261.22,2017-02-22,0.0,3252.69,0.0
536,14409708.600000005,0.005096921287701454,3251.38,2017-02-23,0.0,3258.83,0.0
537,14409708.600000005,0.0014290730120794636,3253.43,2017-02-24,0.0,3246.86,0.0
538,14409708.600000005,0.002145150022005563,3228.66,2017-02-27,0.0,3249.19,0.0
539,14409708.600000005,-0.0050372446116981875,3241.73,2017-02-28,0.0,3225.97,0.0
540,14409708.600000005,-0.00066356591061293,3246.93,2017-03-01,0.0,3240.07,0.0
541,14409708.600000005,0.002553437603829597,3230.03,2017-03-02,0.0,3250.52,0.0
542,14409708.600000005,-0.0071508449304174895,3218.31,2017-03-03,0.0,3219.2,0.0
543,14409708.600000005,-0.007736228487596819,3233.87,2017-03-06,0.0,3217.33,0.0
544,14409708.600000005,-0.0028239238623111802,3242.41,2017-03-07,0.0,3233.09,0.0
545,14409708.600000005,-0.0005215196279619691,3240.66,2017-03-08,0.0,3240.53,0.0
546,14409708.600000005,-0.0026347527599962835,3216.75,2017-03-09,0.0,3233.7,0.0
547,14409708.600000005,-0.008865088230809615,3212.76,2017-03-10,0.0,3213.73,0.0
548,14409708.600000005,-0.010210472199286476,3237.02,2017-03-13,0.0,3209.45,0.0
549,14409708.600000005,-0.002154393014450135,3239.33,2017-03-14,0.0,3235.25,0.0
550,14409708.600000005,-0.002107931013166752,3241.76,2017-03-15,0.0,3235.4,0.0
551,14409708.600000005,0.0015213294078518012,3268.94,2017-03-16,0.0,3247.16,0.0
552,14409708.600000005,0.009062095987921308,3237.45,2017-03-17,0.0,3271.87,0.0
553,14409708.600000005,-0.0003424752631042058,3250.81,2017-03-20,0.0,3241.11,0.0
554,14409708.600000005,0.0024705791862165063,3261.61,2017-03-21,0.0,3250.25,0.0
555,14409708.600000005,0.0012322023769183851,3245.22,2017-03-22,0.0,3246.22,0.0
556,14409708.600000005,0.0011060413271264016,3248.55,2017-03-23,0.0,3245.81,0.0
557,14409708.600000005,0.0015797496420158312,3269.45,2017-03-24,0.0,3247.35,0.0
558,14409708.600000005,0.008167835248338985,3266.96,2017-03-27,0.0,3268.92,0.0
559,14409708.600000005,0.00716860146434235,3252.95,2017-03-28,0.0,3265.63,0.0
560,14409708.600000005,0.003274031854946583,3241.31,2017-03-29,0.0,3252.87,0.0
561,14409708.600000005,-0.0021884678870156865,3210.24,2017-03-30,0.0,3235.14,0.0
562,14409708.600000005,-0.011218713450292335,3222.51,2017-03-31,0.0,3206.25,0.0
563,14409708.600000005,-0.002027407082326309,3270.31,2017-04-05,0.0,3235.66,0.0
564,14409708.600000005,0.009159003603091586,3281.0,2017-04-06,0.0,3272.19,0.0
565,14409708.600000005,0.011705104522925574,3286.62,2017-04-07,0.0,3280.62,0.0
566,14409708.600000005,0.013161018548392078,3269.39,2017-04-10,0.0,3285.46,0.0
567,14409708.600000005,0.007347943494314529,3288.97,2017-04-11,0.0,3266.22,0.0
568,14409708.600000005,0.012674186318456546,3273.83,2017-04-12,0.0,3283.84,0.0
569,14409708.600000005,0.007043935783806298,3275.96,2017-04-13,0.0,3265.22,0.0
570,14409708.600000005,0.010353647890505312,3246.07,2017-04-14,0.0,3276.14,0.0
571,14409708.600000005,-0.0037988204151767,3222.17,2017-04-17,0.0,3229.95,0.0
572,14409708.600000005,-0.008341108415749116,3196.71,2017-04-18,0.0,3215.4,0.0
573,14409708.600000005,-0.018070946126286153,3170.69,2017-04-19,0.0,3184.67,0.0
574,14409708.600000005,-0.024181294954938364,3172.1,2017-04-20,0.0,3165.67,0.0
575,14409708.600000005,-0.022688776105655898,3173.15,2017-04-21,0.0,3170.29,0.0
576,14409708.600000005,-0.024640910168286262,3129.53,2017-04-24,0.0,3164.25,0.0
577,14097319.600000005,-0.03787905464020818,3134.57,2017-04-25,1.0,3123.89,100.0
578,14097319.600000005,0.0028822951112700613,3140.85,2017-04-26,0.0,3132.92,0.0
579,14097319.600000005,0.002382359046417691,3152.19,2017-04-27,0.0,3131.35,0.0
580,14097319.600000005,0.006402631026520222,3154.66,2017-04-28,0.0,3144.02,0.0
581,14097319.600000005,0.007416045220717947,3143.71,2017-05-02,0.0,3147.23,0.0
582,14097319.600000005,0.004594829701336092,3135.35,2017-05-03,0.0,3138.31,0.0
583,14097319.600000005,0.0010297047433573665,3127.37,2017-05-04,0.0,3127.11,0.0
584,14097319.600000005,-0.0029279850518657527,3103.04,2017-05-05,0.0,3114.77,0.0
585,14097319.600000005,-0.010944735879769619,3078.61,2017-05-08,0.0,3090.07,0.0
586,14097319.600000005,-0.019263585493580426,3080.53,2017-05-09,0.0,3064.85,0.0
587,14097319.600000005,-0.014852980829518771,3052.79,2017-05-10,0.0,3078.17,0.0
588,14097319.600000005,-0.028681601296105398,3061.5,2017-05-11,0.0,3036.79,0.0
589,14097319.600000005,-0.022847900042892937,3083.51,2017-05-12,0.0,3054.11,0.0
590,14097319.600000005,-0.0123009919213981,3090.23,2017-05-15,0.0,3085.93,0.0
591,14097319.600000005,-0.013305783247428527,3112.96,2017-05-16,0.0,3082.87,0.0
592,14097319.600000005,-0.005177295836282801,3104.44,2017-05-17,0.0,3107.8,0.0
593,14097319.600000005,-0.013483306459723633,3090.14,2017-05-18,0.0,3082.33,0.0
594,14097319.600000005,-0.01204518727058902,3090.63,2017-05-19,0.0,3086.71,0.0
595,14097319.600000005,-0.011894388711991824,3075.68,2017-05-22,0.0,3087.17,0.0
596,14097319.600000005,-0.01775597105613819,3061.95,2017-05-23,0.0,3069.39,0.0
597,14097319.600000005,-0.02504290303422061,3064.08,2017-05-24,0.0,3047.57,0.0
598,14097319.600000005,-0.022436128221408985,3107.83,2017-05-25,0.0,3055.34,0.0
599,14097319.600000005,-0.007287290127656527,3110.06,2017-05-26,0.0,3101.29,0.0
600,14097319.600000005,0.0004607513446580216,3117.18,2017-05-31,0.0,3125.33,0.0
601,14097319.600000005,-0.004976804936269809,3102.62,2017-06-01,0.0,3108.42,0.0
602,14097319.600000005,-0.009585583489268688,3105.54,2017-06-02,0.0,3094.23,0.0
603,14097319.600000005,-0.007021027623133849,3091.66,2017-06-05,0.0,3102.11,0.0
604,14097319.600000005,-0.012757169626589349,3102.13,2017-06-06,0.0,3084.54,0.0
605,14097319.600000005,-0.007134659032291232,3140.32,2017-06-07,0.0,3101.76,0.0
606,14097319.600000005,0.004010878471657605,3150.33,2017-06-08,0.0,3136.47,0.0
607,14097319.600000005,0.007485424708891308,3158.4,2017-06-09,0.0,3147.45,0.0
608,14097319.600000005,0.008140897213235094,3139.88,2017-06-12,0.0,3149.53,0.0
609,14097319.600000005,0.0032290898880349282,3153.74,2017-06-13,0.0,3134.01,0.0
610,14097319.600000005,0.007264638118693931,3130.67,2017-06-14,0.0,3146.75,0.0
611,14097319.600000005,0.0005438973121875463,3132.49,2017-06-15,0.0,3125.59,0.0
612,14097319.600000005,0.0007932522382187707,3123.17,2017-06-16,0.0,3126.37,0.0
613,14097319.600000005,-0.0005541035693238073,3144.37,2017-06-19,0.0,3122.16,0.0
614,14097319.600000005,0.007665135545517535,3140.01,2017-06-20,0.0,3148.02,0.0
615,14097319.600000005,0.007970809688185707,3156.21,2017-06-21,0.0,3148.99,0.0
616,14097319.600000005,0.008993604547877038,3147.45,2017-06-22,0.0,3152.24,0.0
617,14097319.600000005,0.004636061227871229,3157.87,2017-06-23,0.0,3138.44,0.0
618,14097319.600000005,0.010487804878048821,3185.44,2017-06-26,0.0,3157.0,0.0
619,14097319.600000005,0.018700014449868442,3191.2,2017-06-27,0.0,3183.42,0.0
620,14097319.600000005,0.01876474339040662,3173.2,2017-06-28,0.0,3183.63,0.0
621,14097319.600000005,0.016091439946078447,3188.06,2017-06-29,0.0,3174.98,0.0
622,14097319.600000005,0.016701553376666282,3192.43,2017-06-30,0.0,3176.95,0.0
623,14097319.600000005,0.021337719298245655,3195.91,2017-07-03,0.0,3192.0,0.0
624,14097319.600000005,0.02161051586493741,3182.8,2017-07-04,0.0,3192.89,0.0
625,14097319.600000005,0.01740363988651302,3207.13,2017-07-05,0.0,3179.22,0.0
626,14097319.600000005,0.024960516377120177,3212.44,2017-07-06,0.0,3203.86,0.0
627,14097319.600000005,0.024948342915644538,3217.96,2017-07-07,0.0,3203.82,0.0
628,14097319.600000005,0.026358439874581627,3212.63,2017-07-10,0.0,3208.46,0.0
629,14097319.600000005,0.02424785726779783,3203.04,2017-07-11,0.0,3201.52,0.0
630,14097319.600000005,0.024372800154906563,3197.54,2017-07-12,0.0,3201.93,0.0
631,14097319.600000005,0.021448082296482932,3218.16,2017-07-13,0.0,3192.36,0.0
632,14097319.600000005,0.02744059052997647,3222.42,2017-07-14,0.0,3212.03,0.0
633,14097319.600000005,0.029784551166380444,3176.46,2017-07-17,0.0,3219.79,0.0
634,14097319.600000005,0.011342741310175283,3187.57,2017-07-18,0.0,3159.73,0.0
635,14097319.600000005,0.01807694725592513,3230.98,2017-07-19,0.0,3181.4,0.0
636,14420070.600000005,0.032105245219999426,3244.86,2017-07-20,-1.0,3227.51,100.0
637,14420070.600000005,0.0028054217556131382,3237.98,2017-07-21,0.0,3236.59,0.0
638,14420070.600000005,0.0010492432449162377,3250.6,2017-07-24,0.0,3230.9,0.0
639,14420070.600000005,0.006657146198686316,3243.69,2017-07-25,0.0,3249.14,0.0
640,14420070.600000005,0.005224290020527243,3247.67,2017-07-26,0.0,3244.46,0.0
641,14420070.600000005,0.005012685856272105,3249.78,2017-07-27,0.0,3243.77,0.0
642,14420070.600000005,0.003907202399874036,3253.24,2017-07-28,0.0,3240.17,0.0
643,14420070.600000005,0.007759588040888412,3273.03,2017-07-31,0.0,3252.75,0.0
644,14420070.600000005,0.014311149931131691,3292.64,2017-08-01,0.0,3274.37,0.0
645,14420070.600000005,0.01855241871723443,3285.06,2017-08-02,0.0,3288.52,0.0
646,14420070.600000005,0.016000048780636395,3272.93,2017-08-03,0.0,3279.99,0.0
647,14420070.600000005,0.012788592123132622,3262.08,2017-08-04,0.0,3269.32,0.0
648,14420070.600000005,0.00925815076419645,3279.46,2017-08-07,0.0,3257.67,0.0
649,14420070.600000005,0.015159328571123381,3281.87,2017-08-08,0.0,3277.19,0.0
650,14420070.600000005,0.015345611856696919,3275.57,2017-08-09,0.0,3277.81,0.0
651,14420070.600000005,0.012912381144620443,3261.75,2017-08-10,0.0,3269.73,0.0
652,14420070.600000005,0.003215026930869155,3208.54,2017-08-11,0.0,3237.92,0.0
653,14420070.600000005,-0.006696734912852071,3237.36,2017-08-14,0.0,3206.04,0.0
654,14420070.600000005,0.0023862291089040964,3251.26,2017-08-15,0.0,3235.23,0.0
655,14420070.600000005,0.006262604492202439,3246.45,2017-08-16,0.0,3247.85,0.0
656,14420070.600000005,0.008095025892404288,3268.43,2017-08-17,0.0,3253.85,0.0
657,14420070.600000005,0.007909038374051582,3268.72,2017-08-18,0.0,3253.24,0.0
658,14420070.600000005,0.014374362513665787,3286.91,2017-08-21,0.0,3274.58,0.0
659,14420070.600000005,0.01828075714576848,3290.23,2017-08-22,0.0,3287.61,0.0
660,14420070.600000005,0.017141726049089458,3287.7,2017-08-23,0.0,3283.8,0.0
661,14420070.600000005,0.018385260161315777,3271.51,2017-08-24,0.0,3287.96,0.0
662,14420070.600000005,0.013434368752789218,3331.52,2017-08-25,0.0,3271.46,0.0
663,14753683.600000005,0.032558683264740845,3362.65,2017-08-28,-1.0,3336.13,100.0
664,14753683.600000005,0.007712533387268471,3365.23,2017-08-29,0.0,3362.06,0.0
665,14753683.600000005,0.007641694082372064,3363.63,2017-08-30,0.0,3361.82,0.0
666,14753683.600000005,0.0075354161584549354,3360.81,2017-08-31,0.0,3361.46,0.0
667,14753683.600000005,0.00887108993193672,3367.12,2017-09-01,0.0,3365.99,0.0
668,14753683.600000005,0.00996818726778477,3379.58,2017-09-04,0.0,3369.72,0.0
669,14753683.600000005,0.012160961743456032,3384.32,2017-09-05,0.0,3377.2,0.0
670,14753683.600000005,0.010763751953339203,3385.39,2017-09-06,0.0,3372.43,0.0
671,14753683.600000005,0.014038177933166451,3365.5,2017-09-07,0.0,3383.63,0.0
672,14753683.600000005,0.008411528847382686,3365.24,2017-09-08,0.0,3364.43,0.0
673,14753683.600000005,0.008682603592494035,3376.42,2017-09-11,0.0,3365.35,0.0
674,14753683.600000005,0.013414204980644532,3379.49,2017-09-12,0.0,3381.49,0.0
675,14753683.600000005,0.01143502275744349,3384.15,2017-09-13,0.0,3374.72,0.0
676,14753683.600000005,0.01399155305056634,3371.43,2017-09-14,0.0,3383.47,0.0
677,14753683.600000005,0.008623686908458756,3353.62,2017-09-15,0.0,3365.15,0.0
678,14753683.600000005,0.004885891466393869,3362.86,2017-09-18,0.0,3352.51,0.0
679,14753683.600000005,0.008735622621102794,3356.84,2017-09-19,0.0,3365.53,0.0
680,14753683.600000005,0.004787929049155991,3366.0,2017-09-20,0.0,3352.18,0.0
681,14753683.600000005,0.008491098760662083,3357.81,2017-09-21,0.0,3364.7,0.0
682,14753683.600000005,0.003295330967148193,3352.53,2017-09-22,0.0,3347.16,0.0
683,14753683.600000005,0.002529458020265574,3341.55,2017-09-25,0.0,3344.59,0.0
684,14753683.600000005,6.59403240067139e-05,3343.58,2017-09-26,0.0,3336.35,0.0
685,14753683.600000005,0.0014038469597284662,3345.27,2017-09-27,0.0,3340.82,0.0
686,14753683.600000005,0.0023057323316905223,3339.64,2017-09-28,0.0,3343.84,0.0
687,14753683.600000005,0.0012513808598602634,3348.94,2017-09-29,0.0,3340.31,0.0
688,14753683.600000005,0.019722324248879715,3374.38,2017-10-09,0.0,3403.25,0.0
689,14753683.600000005,0.01103061061144149,3382.99,2017-10-10,0.0,3373.34,0.0
690,14753683.600000005,0.013414204980644532,3388.28,2017-10-11,0.0,3381.49,0.0
691,14753683.600000005,0.014591511521091258,3386.1,2017-10-12,0.0,3385.53,0.0
692,14753683.600000005,0.014288711149981143,3390.52,2017-10-13,0.0,3384.49,0.0
693,14753683.600000005,0.01682182947710278,3378.47,2017-10-16,0.0,3393.21,0.0
694,14753683.600000005,0.010998360621718623,3372.04,2017-10-17,0.0,3373.23,0.0
695,14753683.600000005,0.011086310185473403,3381.79,2017-10-18,0.0,3373.53,0.0
696,14753683.600000005,0.011411587606381649,3370.17,2017-10-19,0.0,3374.64,0.0
697,14753683.600000005,0.008140305811488625,3378.65,2017-10-20,0.0,3363.51,0.0
698,14753683.600000005,0.013644642075759572,3380.7,2017-10-23,0.0,3382.28,0.0
699,14753683.600000005,0.011985429129893917,3388.25,2017-10-24,0.0,3376.6,0.0
700,14753683.600000005,0.014396459528606801,3396.9,2017-10-25,0.0,3384.86,0.0
701,14753683.600000005,0.01806906213944285,3407.57,2017-10-26,0.0,3397.52,0.0
702,14753683.600000005,0.020082244088706094,3416.81,2017-10-27,0.0,3404.5,0.0
703,14753683.600000005,0.022771810291545895,3390.34,2017-10-30,0.0,3413.87,0.0
704,14753683.600000005,0.013271221532091065,3393.34,2017-10-31,0.0,3381.0,0.0
705,14753683.600000005,0.017041989174918958,3395.91,2017-11-01,0.0,3393.97,0.0
706,14753683.600000005,0.016369613609894883,3383.31,2017-11-02,0.0,3391.65,0.0
707,14753683.600000005,0.012318887777034252,3371.74,2017-11-03,0.0,3377.74,0.0
708,14753683.600000005,0.00995937311740841,3388.17,2017-11-06,0.0,3369.69,0.0
709,14753683.600000005,0.015736973627145157,3413.57,2017-11-07,0.0,3389.47,0.0
710,14753683.600000005,0.021418828740301828,3415.46,2017-11-08,0.0,3409.15,0.0
711,14753683.600000005,0.02185494345685744,3427.79,2017-11-09,0.0,3410.67,0.0
712,14753683.600000005,0.025429571334256374,3432.67,2017-11-10,0.0,3423.18,0.0
713,14753683.600000005,0.028834005787178468,3447.84,2017-11-13,0.0,3435.18,0.0
714,15098338.600000005,0.03203783493638568,3429.55,2017-11-14,-1.0,3446.55,100.0
715,15098338.600000005,-0.008881187046463814,3402.52,2017-11-15,0.0,3416.21,0.0
716,15098338.600000005,-0.015725615129126316,3399.25,2017-11-16,0.0,3393.19,0.0
717,15098338.600000005,-0.015878302698751533,3382.91,2017-11-17,0.0,3392.68,0.0
718,15098338.600000005,-0.025343908418021293,3392.4,2017-11-20,0.0,3361.36,0.0
719,15098338.600000005,-0.018977873437481536,3410.5,2017-11-21,0.0,3382.36,0.0
720,15098338.600000005,-0.008550535066850511,3430.46,2017-11-22,0.0,3417.33,0.0
721,15098338.600000005,-0.006289032732751134,3351.92,2017-11-23,0.0,3425.01,0.0
722,14764300.600000005,-0.03178380902771543,3353.82,2017-11-24,1.0,3340.38,100.0
723,14764300.600000005,0.0018764977619476569,3322.23,2017-11-27,0.0,3346.66,0.0
724,14764300.600000005,-0.008803375180824071,3333.66,2017-11-28,0.0,3311.23,0.0
725,14764300.600000005,-0.0014420323962620917,3337.86,2017-11-29,0.0,3335.57,0.0
726,14764300.600000005,-0.0035269659680831323,3317.19,2017-11-30,0.0,3328.64,0.0
727,14764300.600000005,-0.007622673154133643,3317.62,2017-12-01,0.0,3315.11,0.0
728,14764300.600000005,-0.00906240371196056,3309.62,2017-12-04,0.0,3310.38,0.0
729,14764300.600000005,-0.011718241264322226,3303.68,2017-12-05,0.0,3301.69,0.0
730,14764300.600000005,-0.014908957223719481,3293.96,2017-12-06,0.0,3291.31,0.0
731,14764300.600000005,-0.017391145439925898,3272.05,2017-12-07,0.0,3283.28,0.0
732,14764300.600000005,-0.023250257315100747,3289.99,2017-12-08,0.0,3264.48,0.0
