date,open,high,close,low,volume,price_change,p_change,ma5,ma10,ma20,v_ma5,v_ma10,v_ma20
2017-12-19,3985.82,4035.63,4035.33,3985.82,77528984.0,50.04,1.26,4015.544,4015.35,4040.523,80548348.8,87305252.8,110035318.0
2017-12-18,3983.3,4008.07,3985.29,3967.93,77853376.0,4.43,0.11,4011.682,4015.834,4049.642,81910296.0,94961061.6,115176409.6
2017-12-15,4018.73,4020.27,3980.86,3974.93,89044384.0,-45.29,-1.12,4028.524,4019.191,4057.569,85769411.2,97440445.6,118156104.0
2017-12-14,4050.9,4057.62,4026.15,4013.85,80768864.0,-23.94,-0.59,4033.028,4020.919,4064.568,85817105.6,98274698.4,123293091.2
2017-12-13,4013.83,4052.69,4050.09,4004.74,77546136.0,34.07,0.85,4022.01,4018.914,4068.511,87714142.4,100996147.2,125323868.8
2017-12-12,4068.51,4070.15,4016.02,4015.45,84338720.0,-53.48,-1.31,4015.156,4019.28,4069.69,94062156.8,105696898.4,127478346.8
2017-12-11,4006.88,4069.5,4069.5,4005.27,97148952.0,66.12,1.65,4019.986,4023.26,4073.856,108011827.2,107468836.0,130423257.2
2017-12-08,3962.83,4014.14,4003.38,3955.44,89282856.0,32.32,0.81,4009.858,4021.305,4076.785,109111480.0,112099468.8,133138125.6
2017-12-07,4003.58,4017.95,3971.06,3955.99,90254048.0,-44.76,-1.11,4008.81,4031.387,4082.212,110732291.2,116256986.4,135764841.2
2017-12-06,4027.12,4031.75,4015.82,3964.81,109286208.0,-24.35,-0.6,4015.818,4044.521,4087.454,114278152.0,125046304.8,137304955.6
2017-12-05,4007.94,4045.93,4040.17,4006.54,154087072.0,21.31,0.53,4023.404,4065.696,4089.063,117331640.0,132765383.2,139382030.8
2017-12-04,3989.05,4032.99,4018.86,3982.32,102647216.0,20.72,0.52,4026.534,4083.449,4089.767,106925844.8,135391757.6,139283510.8
2017-12-01,4003.56,4027.11,3998.14,3984.38,97386912.0,-7.96,-0.2,4032.752,4095.946,4089.868,115087457.6,138871762.4,140255208.0
2017-11-30,4034.01,4052.8,4006.1,3988.0,107983352.0,-47.65,-1.18,4053.964,4108.217,4089.596,121781681.6,148311484.0,141856084.4
2017-11-29,4061.35,4069.24,4053.75,4004.69,124553648.0,-2.07,-0.05,4073.224,4118.108,4089.148,135814457.6,149651590.4,142761946.0
2017-11-28,4034.21,4056.48,4055.82,4010.3,102058096.0,5.87,0.14,4107.988,4120.1,4086.292,148199126.4,149259795.2,143055132.4
2017-11-27,4088.93,4088.93,4049.95,4037.15,143455280.0,-54.25,-1.32,4140.364,4124.453,4083.837,163857670.4,153377678.4,143411166.4
2017-11-24,4089.47,4116.59,4104.2,4057.49,130858032.0,1.8,0.04,4159.14,4132.265,4081.825,162656067.2,154176782.4,144107782.4
2017-11-23,4213.38,4214.19,4102.4,4086.9,178147232.0,-125.17,-2.96,4162.47,4133.036,4077.714,174841286.4,155272696.0,143898523.2
2017-11-22,4228.37,4260.64,4227.57,4191.15,186476992.0,9.87,0.23,4162.992,4130.386,4072.273,163488723.2,149563606.4,141485934.8
2017-11-21,4131.85,4220.26,4217.7,4129.98,180350816.0,73.87,1.78,4132.212,4112.43,4059.742,150320464.0,145998678.4,136572358.0
2017-11-20,4093.73,4144.51,4143.83,4060.96,137447264.0,22.98,0.56,4108.542,4096.085,4046.826,142897686.4,143175264.0,132207724.8
2017-11-17,4094.08,4122.38,4120.85,4081.37,191784128.0,15.84,0.39,4105.39,4083.791,4036.175,145697497.6,141638653.6,129409610.4
2017-11-16,4063.49,4107.62,4105.01,4062.27,121384416.0,31.34,0.77,4103.602,4070.976,4026.475,135704105.6,135400684.8,123469412.8
2017-11-15,4084.21,4102.81,4073.67,4055.72,120635696.0,-25.68,-0.63,4097.78,4060.188,4017.787,135638489.6,135872301.6,122726554.8
2017-11-14,4129.27,4133.55,4099.35,4086.89,143236928.0,-28.72,-0.7,4092.648,4052.483,4011.312,141676892.8,136850469.6,121743262.0
2017-11-13,4115.55,4137.65,4128.07,4115.55,151446320.0,16.16,0.39,4083.628,4043.22,4001.998,143452841.6,133444654.4,118693477.2
2017-11-10,4070.28,4116.71,4111.91,4067.66,141817168.0,36.01,0.88,4062.192,4031.385,3991.267,137579809.6,134038782.4,117188912.8
2017-11-09,4043.07,4076.61,4075.9,4038.4,121056336.0,27.89,0.69,4038.35,4022.391,3981.721,135097264.0,132524350.4,114605157.6
2017-11-08,4051.49,4089.15,4048.01,4040.58,150827712.0,-6.24,-0.15,4022.596,4014.159,3973.574,136106113.6,133408263.2,113269387.2
2017-11-07,4022.4,4064.22,4054.25,4021.36,152116672.0,33.36,0.83,4012.318,4007.053,3966.308,132024046.4,127146037.6,110948909.2
2017-11-06,3989.18,4021.64,4020.89,3975.41,122081160.0,28.19,0.71,4002.812,3997.568,3958.088,123436467.2,121240185.6,108969704.8
2017-11-03,3992.35,3999.34,3992.7,3963.03,129404440.0,-4.43,-0.11,4000.578,3988.559,3951.154,130497755.2,117180567.2,109642439.6
2017-11-02,3994.09,3999.23,3997.13,3971.38,126100584.0,0.51,0.01,4006.432,3981.974,3943.344,129951436.8,111538140.8,107837519.2
2017-11-01,4007.91,4032.46,3996.62,3991.32,130417376.0,-10.1,-0.25,4005.722,3975.386,3934.614,130710412.8,109580808.0,106209693.6
2017-10-31,3995.39,4009.28,4006.72,3983.26,109178776.0,-3.0,-0.07,4001.788,3970.14,3925.843,122268028.8,106636054.4,103971615.6
2017-10-30,4022.16,4033.34,4009.72,3960.27,157387600.0,-12.25,-0.3,3992.324,3960.775,3916.546,119043904.0,103942300.0,102606147.2
2017-10-27,3992.55,4024.46,4021.97,3991.35,126672848.0,28.39,0.71,3976.54,3951.148,3906.95,103863379.2,100339043.2,99934216.0
2017-10-26,3980.05,4013.6,3993.58,3973.55,129895464.0,16.63,0.42,3957.516,3941.051,3897.738,93124844.8,96685964.8,98631564.0
2017-10-25,3958.17,3978.09,3976.95,3954.0,88205456.0,17.55,0.44,3945.05,3932.988,3889.95,88451203.2,93130511.2,97691700.4
2017-10-24,3926.23,3959.5,3959.4,3922.03,93058152.0,28.6,0.73,3938.492,3925.562,3883.225,91004080.0,94751780.8,98337904.8
2017-10-23,3930.89,3936.27,3930.8,3920.66,81484976.0,3.95,0.1,3929.226,3918.608,3876.861,88840696.0,96699224.0,99306646.8
2017-10-20,3918.53,3928.96,3926.85,3910.2,72980176.0,-4.4,-0.11,3925.756,3913.749,3872.478,96814707.2,102104312.0,101129118.4
2017-10-19,3940.58,3944.03,3931.25,3923.65,106527256.0,-12.91,-0.33,3924.586,3904.714,3867.7,100247084.8,104136897.6,103601459.6
2017-10-18,3914.82,3944.41,3944.16,3914.82,100969840.0,31.09,0.8,3920.926,3893.843,3862.636,97809819.2,102838579.2,104043026.0
2017-10-17,3910.79,3924.61,3913.07,3900.48,82241232.0,-0.38,-0.01,3912.632,3881.547,3857.558,98499481.6,101307176.8,103765073.2
2017-10-16,3926.28,3947.42,3913.45,3913.32,121355032.0,-7.55,-0.19,3907.99,3872.318,3853.801,104557752.0,101269994.4,106862523.6
2017-10-13,3912.97,3927.17,3921.0,3908.89,90142064.0,8.05,0.21,3901.742,3862.752,3849.411,107393916.8,99529388.8,106988972.0
2017-10-12,3902.02,3917.44,3912.95,3897.55,94340928.0,10.26,0.26,3884.842,3854.425,3844.661,108026710.4,100577163.2,107783694.0
2017-10-11,3886.82,3913.07,3902.69,3885.5,104418152.0,12.83,0.33,3866.76,3846.912,3840.507,107867339.2,102252889.6,109260856.8
2017-10-10,3883.0,3900.74,3889.86,3855.47,112532584.0,7.65,0.2,3850.462,3840.887,3837.845,104114872.0,101924028.8,110609885.6
2017-10-09,3910.11,3918.84,3882.21,3876.03,135535856.0,45.71,1.19,3836.646,3835.113,3836.204,97982236.8,101914069.6,111231464.4
2017-09-29,3825.2,3852.22,3836.5,3825.2,93306032.0,13.96,0.36,3823.762,3831.206,3834.375,91664860.8,100153924.8,111932987.6
2017-09-28,3821.59,3827.33,3822.54,3813.75,93544072.0,1.34,0.04,3824.008,3830.686,3834.076,93127616.0,103066021.6,115199962.0
2017-09-27,3818.96,3832.57,3821.2,3818.81,85655816.0,0.42,0.01,3827.064,3831.428,3834.054,96638440.0,105247472.8,117170005.2
2017-09-26,3810.33,3821.69,3820.78,3808.38,81869408.0,2.99,0.08,3831.312,3833.569,3834.709,99733185.6,106222969.6,119954857.6
2017-09-25,3829.22,3835.39,3817.79,3811.12,103948976.0,-19.94,-0.52,3833.58,3835.284,3835.397,105845902.4,112455052.8,122272740.8
2017-09-22,3826.46,3842.25,3837.73,3816.82,100619808.0,-0.09,-0.0,3838.65,3836.07,3836.643,108642988.8,114448555.2,126354108.0
2017-09-21,3843.26,3860.8,3837.82,3837.38,111098192.0,-4.62,-0.12,3837.364,3834.896,3834.544,113004427.2,114990224.8,127820162.4
2017-09-20,3830.15,3850.94,3842.44,3827.89,101129544.0,10.32,0.27,3835.792,3834.101,3829.386,113856505.6,116268824.0,126762621.2
2017-09-19,3849.88,3857.3,3832.12,3820.29,112432992.0,-11.02,-0.29,3835.826,3834.802,3825.068,112712753.6,119295742.4,126954222.8
2017-09-18,3832.96,3862.36,3843.14,3832.96,117934408.0,11.84,0.31,3836.988,3837.295,3821.077,119064203.2,120548859.2,126347216.0
2017-09-15,3826.14,3843.3,3831.3,3818.52,122427000.0,1.34,0.04,3833.49,3837.543,3815.97,120254121.6,123712050.4,125466149.6
2017-09-14,3843.57,3854.49,3829.96,3820.09,115358584.0,-12.65,-0.33,3832.428,3837.467,3810.638,116976022.4,127333902.4,124172884.8
2017-09-13,3835.55,3847.78,3842.61,3822.94,95410784.0,4.68,0.12,3832.41,3836.68,3805.204,118681142.4,129092537.6,123837768.0
2017-09-12,3832.24,3849.39,3837.93,3822.0,144190240.0,12.28,0.32,3833.778,3835.849,3798.145,125878731.2,133686745.6,124273936.0
2017-09-11,3828.34,3850.74,3825.65,3817.51,123884000.0,-0.34,-0.01,3837.602,3835.51,3791.551,122033515.2,132090428.8,122386667.2
2017-09-08,3830.07,3843.02,3825.99,3813.98,106036504.0,-3.88,-0.1,3841.596,3837.216,3785.002,127169979.2,138259660.8,121957889.6
2017-09-07,3851.69,3858.16,3829.87,3828.84,123884184.0,-19.58,-0.51,3842.506,3834.192,3776.071,137691782.4,140650100.0,124175435.6
2017-09-06,3846.75,3858.25,3849.45,3831.38,131398728.0,-7.6,-0.2,3840.95,3824.67,3770.373,139503932.8,137256418.4,124485482.8
2017-09-05,3845.55,3865.29,3857.05,3841.95,124964160.0,11.43,0.3,3837.92,3815.334,3764.452,141494760.0,134612703.2,124149545.6
2017-09-04,3828.54,3847.09,3845.62,3813.55,149566320.0,15.08,0.39,3833.418,3804.859,3758.21,142147342.4,132145572.8,124763433.6
2017-09-01,3825.34,3843.62,3830.54,3818.16,158645520.0,8.45,0.22,3832.836,3794.396,3752.269,149349342.4,127220248.8,123496694.0
2017-08-31,3835.84,3840.2,3822.09,3800.89,132944936.0,-12.21,-0.32,3825.878,3783.809,3746.121,143608417.6,121011867.2,123437921.2
2017-08-30,3834.27,3854.71,3834.3,3827.86,141352864.0,-0.24,-0.01,3808.39,3773.728,3741.408,135008904.0,118582998.4,124098371.2
2017-08-29,3839.18,3847.93,3834.54,3825.76,128227072.0,-8.17,-0.21,3792.748,3760.44,3737.736,127730646.4,114861126.4,125645397.6
2017-08-28,3805.66,3866.94,3842.71,3805.66,185576320.0,46.96,1.24,3776.3,3747.592,3734.528,122143803.2,112682905.6,126861371.2
2017-08-25,3736.29,3795.97,3795.75,3736.29,129940896.0,61.1,1.64,3755.956,3732.789,3729.285,105091155.2,105656118.4,125004007.2
2017-08-24,3755.89,3765.71,3734.65,3729.09,89947368.0,-21.44,-0.57,3741.74,3717.949,3725.592,98415316.8,107700771.2,124077532.0
2017-08-23,3747.61,3772.46,3756.09,3741.72,104961576.0,3.79,0.1,3739.066,3716.076,3724.47,102157092.8,111714547.2,126830309.2
2017-08-22,3745.75,3758.29,3752.3,3734.56,100292856.0,11.31,0.3,3728.132,3713.571,3721.935,101991606.4,113686388.0,128398491.2
2017-08-21,3731.84,3744.26,3740.99,3728.62,100313080.0,16.32,0.44,3718.884,3711.562,3720.297,103222008.0,117381294.4,129467451.2
2017-08-18,3707.19,3733.49,3724.67,3700.41,96561704.0,3.39,0.09,3709.622,3710.142,3720.422,106221081.6,119773139.2,131195233.2
2017-08-17,3707.07,3722.62,3721.28,3704.41,108656248.0,19.86,0.54,3694.158,3708.433,3720.618,116986225.6,125863975.2,132264209.2
2017-08-16,3701.13,3707.14,3701.42,3679.73,104134144.0,-4.64,-0.12,3693.086,3709.088,3721.948,121272001.6,129613744.0,133951898.4
2017-08-15,3695.78,3719.29,3706.06,3692.28,106444864.0,11.38,0.31,3699.01,3715.031,3723.365,125381169.6,136429668.8,137869080.0
2017-08-14,3651.38,3698.37,3694.68,3651.38,115308448.0,47.33,1.3,3704.24,3721.463,3721.42,131540580.8,141039836.8,138777939.6
2017-08-11,3687.93,3700.49,3647.35,3645.09,150387424.0,-68.57,-1.84,3710.662,3725.782,3719.864,133325196.8,144351896.0,141953596.4
2017-08-10,3724.96,3746.86,3715.92,3688.18,130085128.0,-15.12,-0.41,3722.708,3733.236,3722.651,134741724.8,140454292.8,139709925.6
2017-08-09,3728.03,3739.0,3731.04,3713.57,124679984.0,-1.17,-0.03,3725.09,3732.863,3721.202,137955486.4,141946071.2,139489146.8
2017-08-08,3724.33,3737.33,3732.21,3718.81,137241920.0,5.42,0.14,3731.052,3730.298,3717.591,147478168.0,143110594.4,139369537.2
2017-08-07,3701.22,3730.78,3726.79,3689.96,124231528.0,19.21,0.52,3738.686,3729.033,3714.52,150539092.8,141553608.0,138445482.4
2017-08-04,3724.72,3738.73,3707.58,3707.0,157470064.0,-20.25,-0.54,3740.902,3730.701,3710.866,155378595.2,142617327.2,138263501.6
2017-08-03,3755.11,3766.35,3727.83,3718.44,146153936.0,-33.02,-0.88,3743.764,3732.803,3708.283,146166860.8,138664443.2,135576773.6
2017-08-02,3768.19,3784.35,3760.85,3759.28,172293392.0,-9.53,-0.25,3740.636,3734.808,3704.896,145936656.0,138290052.8,133388038.8
2017-08-01,3738.74,3770.4,3770.38,3737.1,152546544.0,32.51,0.87,3729.544,3731.698,3699.838,138743020.8,139308491.2,129184990.4
2017-07-31,3722.43,3746.52,3737.87,3713.66,148429040.0,15.98,0.43,3719.38,3721.378,3692.318,132568123.2,136516042.4,126311234.0
2017-07-28,3703.49,3725.54,3721.89,3696.78,111411392.0,9.7,0.26,3720.5,3713.947,3687.967,129856059.2,139555296.8,123330824.8
2017-07-27,3700.86,3716.69,3712.19,3672.5,145002912.0,6.8,0.18,3721.842,3712.067,3685.213,131162025.6,138965558.4,121835756.4
2017-07-26,3722.88,3738.53,3705.39,3684.18,136325216.0,-14.17,-0.38,3728.98,3709.54,3683.045,130643449.6,137032222.4,118865085.6
2017-07-25,3742.64,3752.16,3719.56,3713.28,121672056.0,-23.91,-0.64,3733.852,3704.883,3680.083,139873961.6,135628480.0,116944868.0
2017-07-24,3724.38,3755.19,3743.47,3719.85,134868720.0,14.87,0.4,3723.376,3700.008,3677.842,140463961.6,135337356.8,115739200.4
2017-07-21,3738.18,3751.69,3728.6,3722.07,117941224.0,-19.28,-0.51,3707.394,3691.03,3674.073,149254534.4,133909676.0,115727664.4
2017-07-20,3725.14,3750.19,3747.88,3723.07,142410032.0,18.13,0.49,3702.292,3683.763,3668.786,146769091.2,132489104.0,115087060.0
2017-07-19,3660.87,3731.05,3729.75,3658.2,182477776.0,62.57,1.71,3690.1,3674.985,3660.91,143420995.2,128486024.8,114742907.2
2017-07-18,3648.49,3667.54,3667.18,3622.04,124622056.0,3.62,0.1,3675.914,3667.978,3653.82,131382998.4,119061489.6,110012009.6
2017-07-17,3700.62,3716.47,3663.56,3621.37,178821584.0,-39.53,-1.07,3676.64,3663.258,3647.785,130210752.0,116106425.6,107806384.8
2017-07-14,3682.62,3703.09,3703.09,3672.74,105514008.0,16.17,0.44,3674.666,3661.987,3642.291,118564817.6,107106352.8,102855162.8
2017-07-13,3656.35,3690.48,3686.92,3652.57,125669552.0,28.1,0.77,3665.234,3658.358,3633.074,118209116.8,104705954.4,101402097.6
2017-07-12,3672.63,3691.58,3658.82,3640.59,122287792.0,-11.99,-0.33,3659.87,3656.549,3625.167,113551054.4,100697948.8,99250246.8
2017-07-11,3646.88,3701.21,3670.81,3645.99,118760824.0,17.12,0.47,3660.042,3655.284,3618.991,106739980.8,98261256.0,97326396.4
2017-07-10,3647.94,3667.85,3653.69,3641.53,120591912.0,-2.24,-0.06,3649.876,3655.675,3614.564,102002099.2,96141044.0,95147212.0
2017-07-07,3647.64,3657.11,3655.93,3631.87,103735504.0,-4.17,-0.11,3649.308,3657.115,3610.599,95647888.0,97545652.8,93636674.8
2017-07-06,3654.56,3666.77,3660.1,3629.56,102379240.0,0.42,0.01,3651.482,3653.81,3606.612,91202792.0,97685016.0,93509313.2
2017-07-05,3611.9,3660.73,3659.68,3610.46,88232424.0,39.7,1.1,3653.228,3646.834,3601.655,87844843.2,100999789.6,92901596.4
2017-07-04,3646.83,3646.85,3619.98,3611.69,95071416.0,-30.87,-0.85,3650.526,3639.661,3595.365,89782531.2,100962529.6,93710973.2
2017-07-03,3667.23,3667.6,3650.85,3633.78,88820856.0,-15.95,-0.43,3661.474,3632.312,3589.01,90279988.8,99506344.0,92161872.0
2017-06-30,3654.73,3669.76,3666.8,3646.23,81510024.0,-2.03,-0.06,3664.922,3622.594,3579.905,99443417.6,98603972.8,91707736.8
2017-06-29,3649.25,3669.13,3668.83,3644.73,85589496.0,22.66,0.62,3656.138,3607.79,3570.891,104167240.0,98098240.8,91765636.0
2017-06-28,3664.16,3672.19,3646.17,3644.03,97920864.0,-28.55,-0.78,3640.44,3593.786,3562.336,114154736.0,97802544.8,92642547.6
2017-06-27,3665.58,3676.53,3674.72,3648.76,97558704.0,6.63,0.18,3628.796,3582.699,3554.672,112142528.0,96391536.8,92987991.6
2017-06-26,3627.02,3671.94,3668.09,3627.02,134638000.0,45.21,1.25,3603.15,3573.454,3544.957,108732699.2,94153380.0,93272114.0
2017-06-23,3583.44,3623.24,3622.88,3569.32,105129136.0,32.54,0.91,3580.266,3564.084,3535.574,97764528.0,89727696.8,91702271.6
2017-06-22,3583.56,3635.53,3590.34,3581.34,135526976.0,2.39,0.07,3559.442,3559.413,3528.713,92029241.6,89333610.4,92981896.4
2017-06-21,3567.13,3587.99,3587.95,3545.57,87859824.0,41.46,1.17,3547.132,3556.477,3520.404,81450353.6,84803403.2,90383205.6
2017-06-20,3560.79,3563.7,3546.49,3539.51,80509560.0,-7.18,-0.2,3536.602,3551.069,3512.216,80640545.6,86459416.8,91835766.0
2017-06-19,3520.06,3554.91,3553.67,3520.06,79797144.0,34.91,0.99,3543.758,3545.708,3505.454,79574060.8,84817400.0,92437265.6
2017-06-16,3522.97,3536.14,3518.76,3514.39,76452704.0,-10.03,-0.28,3547.902,3537.216,3497.963,81690865.6,84811500.8,92021084.8
2017-06-15,3530.75,3542.28,3528.79,3508.95,82632536.0,-6.51,-0.18,3559.384,3533.991,3491.93,86637979.2,85433031.2,92486429.2
2017-06-14,3571.25,3571.25,3535.3,3530.27,83810784.0,-46.97,-1.31,3565.822,3530.886,3485.989,88156452.8,87482550.4,93341644.0
2017-06-13,3569.16,3584.41,3582.27,3559.21,75177136.0,7.88,0.22,3565.536,3526.644,3480.657,92278288.0,89584446.4,94413225.6
2017-06-12,3570.22,3603.69,3574.39,3565.9,90381168.0,-1.78,-0.05,3547.658,3516.46,3471.503,90060739.2,92390848.0,94803249.6
2017-06-09,3561.24,3590.89,3576.17,3560.63,101188272.0,15.19,0.43,3526.53,3507.064,3462.053,87932136.0,93676846.4,94953514.4
2017-06-08,3531.24,3562.27,3560.98,3528.18,90224904.0,27.11,0.77,3508.598,3498.013,3451.077,84228083.2,96630182.4,95356745.6
2017-06-07,3493.88,3537.09,3533.87,3491.13,104419960.0,40.99,1.17,3495.95,3484.332,3439.913,86808648.0,95963008.0,95449631.6
2017-06-06,3464.38,3492.88,3492.88,3460.45,64089392.0,24.13,0.7,3487.752,3473.364,3430.846,86890604.8,97212115.2,94067216.8
2017-06-05,3480.17,3484.12,3468.75,3462.31,79738152.0,-17.76,-0.51,3485.262,3465.2,3424.142,94720956.8,100057131.2,97050211.2
2017-06-02,3491.59,3498.12,3486.51,3470.2,82668008.0,-11.23,-0.32,3487.598,3458.71,3419.832,99421556.8,99230668.8,98558070.0
2017-06-01,3485.22,3499.81,3497.74,3476.43,103127728.0,4.86,0.14,3487.428,3449.87,3415.726,109032281.6,99539827.2,99598773.2
2017-05-31,3495.07,3515.08,3492.88,3474.92,104829744.0,12.45,0.36,3472.714,3441.093,3411.496,105117368.0,99200737.6,99025868.0
2017-05-30,3479.62,3498.31,3480.43,3473.04,103241152.0,-5.23,-0.15,3458.976,3434.67,3408.181,107533625.6,99242004.8,98424254.0
2017-05-26,3479.62,3498.31,3480.43,3473.04,103241152.0,-5.23,-0.15,3445.138,3426.546,3406.147,105393305.6,97215651.2,98343814.0
2017-05-25,3414.4,3490.42,3485.66,3413.22,130721632.0,61.49,1.8,3429.822,3417.041,3404.461,99039780.8,96230182.4,99346677.6
2017-05-24,3409.72,3424.17,3424.17,3383.89,83553160.0,-0.02,-0.0,3412.312,3404.14,3402.437,90047372.8,94083308.8,98407597.2
2017-05-23,3405.03,3434.77,3424.19,3401.53,116911032.0,12.95,0.38,3409.472,3395.493,3403.277,93284107.2,94936255.2,98933546.4
2017-05-22,3400.59,3424.18,3411.24,3391.17,92539552.0,7.39,0.22,3410.364,3388.327,3403.631,90950384.0,90922318.4,98821034.4
2017-05-19,3395.23,3405.94,3403.85,3392.38,71473528.0,5.74,0.17,3407.954,3383.084,3406.408,89037996.8,94043291.2,99415012.4
2017-05-18,3387.67,3409.93,3398.11,3383.93,85759592.0,-11.86,-0.35,3404.26,3380.954,3409.293,93420584.0,97885471.2,101550546.8
2017-05-17,3423.19,3433.97,3409.97,3408.15,99736832.0,-18.68,-0.55,3395.968,3381.582,3411.682,98119244.8,99657719.2,103330030.4
2017-05-16,3390.93,3428.85,3428.65,3373.55,105242416.0,29.46,0.87,3381.514,3381.898,3414.32,96588403.2,98850998.4,103889580.0
2017-05-15,3391.59,3406.58,3399.19,3391.59,82977616.0,13.81,0.41,3366.29,3381.691,3416.885,90894252.8,97606503.2,104485707.2
2017-05-12,3350.94,3387.27,3385.38,3349.17,93386464.0,28.73,0.86,3358.214,3385.747,3421.25,99048585.6,99471976.8,107110530.4
2017-05-11,3322.95,3359.6,3356.65,3312.89,109252896.0,18.95,0.57,3357.648,3391.881,3427.71,102350358.4,102463172.8,108940297.6
2017-05-10,3350.65,3369.43,3337.7,3336.0,92082624.0,-14.83,-0.44,3367.196,3400.734,3435.349,101196193.6,102731885.6,112568879.2
2017-05-09,3342.6,3358.05,3352.53,3327.59,76771664.0,-6.28,-0.19,3382.282,3411.061,3444.331,101113593.6,102930837.6,116262040.0
2017-05-08,3369.11,3374.16,3358.81,3339.57,123749280.0,-23.74,-0.7,3397.092,3418.934,3451.961,104318753.6,106719750.4,119517825.6
2017-05-05,3393.48,3395.45,3382.55,3366.56,109895328.0,-21.84,-0.64,3413.28,3429.732,3459.894,99895368.0,104786733.6,120345021.6
2017-05-04,3404.94,3421.4,3404.39,3391.28,103482072.0,-8.74,-0.26,3426.114,3437.632,3466.469,102575987.2,105215622.4,121688605.6
2017-05-03,3421.76,3432.22,3413.13,3403.08,91669624.0,-13.45,-0.39,3434.272,3441.781,3471.444,104267577.6,107002341.6,123684452.4
2017-05-02,3427.92,3436.31,3426.58,3418.67,92797464.0,-13.17,-0.38,3439.84,3446.742,3473.59,104748081.6,108928161.6,123679845.6
2017-04-28,3439.57,3439.9,3439.75,3417.24,101632352.0,-6.97,-0.2,3440.776,3452.078,3474.099,109120747.2,111364911.2,124858818.8
2017-04-27,3435.1,3449.27,3446.72,3399.54,123298424.0,1.54,0.04,3446.184,3456.753,3475.371,109678099.2,114749084.0,125019786.4
2017-04-26,3440.25,3466.57,3445.18,3439.15,111940024.0,4.21,0.12,3449.15,3463.538,3476.525,107855257.6,115417422.4,123064606.4
2017-04-25,3427.73,3449.67,3440.97,3422.65,94072144.0,9.71,0.28,3449.29,3469.964,3478.168,109737105.6,122405872.8,122818374.0
2017-04-24,3458.23,3458.23,3431.26,3403.98,114660792.0,-35.53,-1.02,3453.644,3477.6,3480.6,113108241.6,129593242.4,124397058.4
2017-04-21,3461.39,3475.56,3466.79,3449.54,104419112.0,5.24,0.15,3463.38,3484.988,3482.136,113609075.2,132315900.8,123379921.6
2017-04-20,3444.52,3465.61,3461.55,3440.72,114184216.0,15.67,0.46,3467.322,3490.055,3481.299,119820068.8,135903309.6,123405760.8
2017-04-19,3452.99,3459.35,3445.88,3418.51,121349264.0,-16.86,-0.49,3477.926,3495.305,3481.539,122979587.2,138161588.8,122081942.8
2017-04-18,3474.89,3489.08,3462.74,3462.63,110927824.0,-17.2,-0.49,3490.638,3501.106,3481.725,135074640.0,140366563.2,120451195.6
2017-04-17,3475.74,3480.57,3479.94,3453.68,117164960.0,-6.56,-0.19,3501.556,3500.437,3480.879,146078243.2,138431529.6,120092582.4
2017-04-14,3516.81,3517.47,3486.5,3476.95,135474080.0,-28.07,-0.8,3506.596,3496.119,3480.957,151022726.4,138352726.4,119551030.0
2017-04-13,3500.28,3518.44,3514.57,3496.57,129981808.0,5.13,0.15,3512.788,3493.988,3479.814,151986550.4,135290488.8,116732573.6
2017-04-12,3514.57,3523.1,3509.44,3498.0,181824528.0,-7.89,-0.22,3512.684,3489.512,3476.92,153343590.4,130711790.4,114087381.6
2017-04-11,3503.83,3520.13,3517.33,3466.14,165945840.0,12.19,0.35,3511.574,3486.372,3474.353,145658486.4,123230875.2,109580361.6
2017-04-10,3519.46,3522.8,3505.14,3502.08,141887376.0,-12.32,-0.35,3499.318,3483.599,3469.881,130784816.0,119200874.4,104783879.6
2017-04-07,3514.45,3526.82,3517.46,3506.39,140293200.0,3.41,0.1,3485.642,3479.283,3465.971,125682726.4,114443942.4,101918030.0
2017-04-06,3507.99,3517.78,3514.05,3495.72,136767008.0,10.16,0.29,3475.188,3472.542,3462.535,118594427.2,110908212.0,98882754.4
2017-04-05,3476.42,3504.54,3503.89,3475.15,143399008.0,47.84,1.38,3466.34,3467.772,3459.53,108079990.4,106002296.8,96061140.0
2017-03-31,3434.82,3456.31,3456.05,3430.82,91577488.0,19.29,0.56,3461.17,3462.344,3456.66,100803264.0,100535828.0,93044733.6
2017-03-30,3461.62,3467.3,3436.76,3422.37,116376928.0,-28.43,-0.82,3467.88,3461.32,3455.25,107616932.8,101753635.2,92515592.0
2017-03-29,3472.97,3483.06,3465.19,3455.55,104851704.0,-4.62,-0.13,3472.924,3465.795,3455.167,103205158.4,100749333.6,91191649.6
2017-03-28,3480.25,3482.29,3469.81,3461.47,84194824.0,-8.23,-0.24,3469.896,3465.64,3454.83,103221996.8,98174658.4,91112082.0
2017-03-27,3488.76,3505.98,3478.04,3474.52,107015376.0,-11.56,-0.33,3469.204,3464.328,3453.98,103924603.2,97462972.8,90663103.6
2017-03-24,3464.2,3499.32,3489.6,3461.11,125645832.0,27.62,0.8,3463.518,3462.334,3452.389,100268392.0,95929848.0,90245942.8
2017-03-23,3452.41,3470.82,3461.98,3435.69,94318056.0,11.93,0.35,3454.76,3456.163,3451.601,95890337.6,90366884.8,88740408.0
2017-03-22,3450.75,3464.33,3450.05,3433.5,104935896.0,-16.3,-0.47,3458.666,3452.659,3452.168,98293508.8,89392117.6,89001322.0
2017-03-21,3449.77,3466.7,3466.35,3445.64,87707856.0,16.74,0.48,3461.384,3452.527,3454.153,93127320.0,86857296.8,88895326.8
2017-03-20,3449.05,3454.06,3449.61,3429.83,88734320.0,3.8,0.11,3459.452,3451.288,3454.977,91001342.4,86119983.2,90252034.4
2017-03-17,3485.31,3488.5,3445.81,3441.47,103755560.0,-35.7,-1.02,3461.15,3450.975,3456.066,91591304.0,85553639.2,92446761.2
2017-03-16,3472.27,3492.13,3481.51,3472.27,106333912.0,17.87,0.52,3457.566,3449.18,3454.848,84843432.0,83277548.8,92988985.2
2017-03-15,3452.21,3463.92,3463.64,3445.27,79104952.0,6.95,0.2,3446.652,3444.539,3452.819,80490726.4,81633965.6,93086137.6
2017-03-14,3456.66,3465.39,3456.69,3448.9,77077968.0,-1.41,-0.04,3443.67,3444.019,3450.722,80587273.6,84049505.6,95513057.2
2017-03-13,3425.67,3458.1,3458.1,3412.69,91684128.0,30.21,0.88,3443.124,3443.631,3449.678,81238624.0,83863234.4,96399632.0
2017-03-10,3423.98,3436.24,3427.89,3423.94,70016200.0,0.95,0.03,3440.8,3442.443,3448.587,79515974.4,84562037.6,97822652.4
2017-03-09,3442.9,3443.05,3426.94,3414.68,84570384.0,-21.79,-0.63,3440.794,3447.039,3447.867,81711665.6,87113931.2,100510278.4
2017-03-08,3452.2,3457.04,3448.73,3441.26,79587688.0,-5.23,-0.15,3442.426,3451.677,3446.334,82777204.8,88610526.4,101159685.2
2017-03-07,3446.16,3454.04,3453.96,3440.06,80334720.0,7.48,0.22,3444.368,3455.78,3443.062,87511737.6,90933356.8,100950444.8
2017-03-06,3427.25,3449.03,3446.48,3425.9,83070880.0,18.62,0.54,3444.138,3458.666,3438.648,86487844.8,94384085.6,100121431.8
2017-03-03,3424.66,3428.88,3427.86,3412.83,80994656.0,-7.24,-0.21,3444.086,3461.157,3434.985,89608100.8,99339883.2,99393955.8
2017-03-02,3463.48,3468.47,3435.1,3434.0,89898080.0,-23.34,-0.68,3453.284,3460.515,3431.816,92516196.8,102700421.6,98103666.0
2017-03-01,3452.21,3472.7,3458.44,3449.11,103260352.0,5.63,0.16,3460.928,3461.098,3432.535,94443848.0,104538309.6,93640333.65
2017-02-28,3445.03,3460.91,3452.81,3441.36,75215256.0,6.59,0.19,3467.192,3457.425,3429.011,94354976.0,106976608.8,91743148.45
2017-02-27,3471.13,3472.84,3446.22,3441.39,98672160.0,-27.63,-0.8,3473.194,3455.724,3425.166,102280326.4,108936029.6,90901232.05
2017-02-24,3468.96,3473.85,3473.85,3455.25,95535136.0,0.53,0.01,3478.228,3454.73,3421.077,109071665.6,111083267.2,89277335.45
2017-02-23,3487.57,3492.96,3473.32,3460.12,99536336.0,-16.44,-0.47,3467.746,3448.694,3415.588,112884646.4,113906625.6,88278453.45
2017-02-22,3483.2,3489.95,3489.76,3473.52,102815992.0,6.94,0.2,3461.268,3440.991,3409.667,114632771.2,113708844.0,86566659.65
2017-02-21,3475.06,3490.09,3482.82,3472.02,114842008.0,11.43,0.33,3447.658,3430.344,3401.643,119598241.6,110967532.8,84733850.65
2017-02-20,3421.64,3472.6,3471.39,3421.64,132628856.0,49.95,1.46,3438.254,3418.63,3394.471,115591732.8,105858778.0,82522911.45
2017-02-17,3443.62,3457.56,3421.44,3419.61,114600040.0,-19.49,-0.57,3431.232,3408.812,3387.22,113094868.8,99448028.4,79364135.05
2017-02-16,3421.83,3440.93,3440.93,3418.35,108276960.0,19.22,0.56,3429.642,3403.117,3382.12,114928604.8,93506910.4,81523089.85
2017-02-15,3435.39,3448.03,3421.71,3417.08,127643344.0,-14.09,-0.41,3420.714,3403.972,3376.069,112784916.8,82742357.7,80318271.05
2017-02-14,3438.51,3440.67,3435.8,3424.4,94809464.0,-0.48,-0.01,3413.03,3400.597,3370.864,102336824.0,76509688.1,77998060.65
2017-02-13,3416.92,3439.54,3436.28,3416.87,120144536.0,22.79,0.67,3399.006,3394.607,3365.799,96125823.2,72866434.5,77811159.45
2017-02-10,3398.32,3422.33,3413.49,3398.03,123768720.0,17.2,0.51,3386.392,3387.424,3361.899,85801188.0,67471403.7,75994890.65
2017-02-09,3381.9,3406.59,3396.29,3379.79,97558520.0,13.0,0.38,3376.592,3382.483,3359.42,72085216.0,62650281.3,73991851.45
2017-02-08,3361.78,3383.69,3383.29,3347.43,75402880.0,17.61,0.52,3387.23,3378.343,3356.989,52699798.6,59424475.3,73486881.05
2017-02-07,3371.77,3376.71,3365.68,3354.63,63754460.0,-7.53,-0.22,3388.164,3372.943,3356.214,50682552.2,58500168.5,74133554.65
2017-02-06,3368.11,3381.33,3373.21,3358.75,68521360.0,8.72,0.26,3390.208,3370.312,3356.345,49607045.8,59187044.9,75448372.85
2017-02-03,3390.93,3392.48,3364.49,3362.57,55188860.0,-23.47,-0.69,3388.456,3365.627,3354.796,49141619.4,59280241.7,76350699.65
2017-02-02,3394.52,3450.18,3449.48,3393.6,631433.0,61.52,1.82,3388.374,3361.123,3352.076,53215346.6,69539269.3,77178462.65
2017-01-26,3378.26,3395.88,3387.96,3378.26,65316648.0,12.06,0.36,3369.456,3348.166,3344.49,66149152.0,77894184.4,80651287.0
2017-01-25,3361.66,3376.44,3375.9,3357.22,58376928.0,11.45,0.34,3357.722,3341.132,3340.186,66317784.8,79486433.2,80835476.6
2017-01-24,3363.14,3371.32,3364.45,3355.9,66194228.0,0.37,0.01,3350.416,3336.992,3337.211,68767044.0,82755884.4,81690948.2
2017-01-23,3359.05,3378.74,3364.08,3355.85,75557496.0,9.19,0.27,3342.798,3336.374,3335.108,69418864.0,84518377.6,82870936.0
2017-01-20,3326.98,3358.41,3354.89,3326.37,65300460.0,25.6,0.77,3333.872,3336.356,3332.284,85863192.0,85333421.6,83965296.8
2017-01-19,3330.95,3346.5,3329.29,3324.68,66159812.0,-10.08,-0.3,3326.876,3335.634,3331.323,89639216.8,87549286.8,85314136.2
2017-01-18,3323.34,3350.96,3339.37,3320.41,70623224.0,13.01,0.39,3324.542,3339.484,3331.786,92655081.6,89766940.8,87418895.6
2017-01-17,3305.6,3327.38,3326.36,3292.2,69453328.0,6.91,0.21,3323.568,3342.378,3330.27,96744724.8,91709700.8,88266214.0
2017-01-16,3314.15,3322.78,3319.45,3264.21,157779136.0,-0.46,-0.01,3329.95,3343.965,3330.401,99617891.2,93421157.6,88875581.6
2017-01-13,3317.96,3338.17,3319.91,3309.37,84180584.0,2.29,0.07,3338.84,3343.028,3331.73,84803651.2,84817656.0,85525395.6
2017-01-12,3332.69,3343.13,3317.62,3315.96,81239136.0,-16.88,-0.51,3344.392,3340.813,3332.756,85459356.8,83408389.6,87064399.6
2017-01-11,3355.8,3366.63,3334.5,3334.3,91071440.0,-23.77,-0.71,3354.426,3339.24,3335.822,86878800.0,82184520.0,89202830.0
2017-01-10,3361.64,3370.51,3358.27,3354.09,83819160.0,-5.63,-0.17,3361.188,3337.429,3339.349,86674676.8,80626012.0,90704513.2
2017-01-09,3345.75,3366.22,3363.9,3344.35,83707936.0,16.23,0.48,3357.98,3333.842,3341.895,87224424.0,81223494.4,95886943.2
2017-01-06,3366.85,3368.87,3347.67,3346.89,87459112.0,-20.12,-0.6,3347.216,3328.212,3348.385,84831660.8,82597172.0,99216711.2
2017-01-05,3368.34,3373.41,3367.79,3361.46,88336352.0,-0.52,-0.01,3337.234,3327.012,3354.509,81357422.4,83078985.6,100712952.0
2017-01-04,3340.56,3369.57,3368.31,3338.15,90050824.0,26.08,0.78,3324.054,3324.087,3359.907,77490240.0,85070850.4,102013389.6
2017-01-03,3313.95,3345.26,3342.23,3313.95,86567896.0,32.15,0.97,3313.67,3318.162,3364.448,74577347.2,84822727.2,103287303.2
2016-12-30,3302.6,3313.55,3310.08,3295.75,71744120.0,12.32,0.37,3309.704,3316.837,3370.808,75222564.8,84330005.6,108001526.0
2016-12-29,3297.04,3312.11,3297.76,3288.1,70087920.0,-4.13,-0.12,3309.208,3320.432,3381.751,80362683.2,86233135.2,114232094.4
2016-12-28,3315.75,3320.55,3301.89,3293.17,69000440.0,-14.5,-0.44,3316.79,3324.699,3395.115,84800548.8,90720409.6,119736236.0
2016-12-27,3319.21,3330.23,3316.39,3315.83,75486360.0,-6.01,-0.18,3324.12,3332.405,3406.921,92651460.8,96221140.0,125214223.6
2016-12-26,3293.22,3322.42,3322.4,3267.05,89793984.0,14.8,0.45,3322.654,3341.27,3419.303,95068107.2,100783014.4,133285823.2
2016-12-23,3333.4,3334.89,3307.6,3300.88,97444712.0,-28.07,-0.84,3323.97,3349.948,3429.937,93437446.4,110550392.0,139164898.4
2016-12-22,3335.12,3340.36,3335.67,3322.72,92277248.0,-2.87,-0.09,3331.656,3368.558,3440.622,92103587.2,115836250.4,141973738.0
2016-12-21,3313.75,3342.48,3338.54,3313.75,108255000.0,29.48,0.89,3332.608,3382.005,3448.276,96640270.4,118346918.4,144647190.8
2016-12-20,3328.3,3329.1,3309.06,3289.27,87569592.0,-19.92,-0.6,3340.69,3395.726,3455.085,99790819.2,118955928.8,147353865.6
2016-12-19,3342.34,3344.86,3328.98,3325.0,81640680.0,-17.05,-0.51,3359.886,3410.735,3463.05,106497921.6,121751879.2,151401558.8
2016-12-16,3335.36,3356.29,3346.03,3330.49,90775416.0,5.6,0.17,3375.926,3424.778,3468.657,127663337.6,131673046.4,154641251.2
2016-12-15,3363.86,3378.04,3340.43,3327.14,114960664.0,-38.52,-1.14,3405.46,3443.07,3472.228,139568913.6,142231053.6,155900040.8
2016-12-14,3399.41,3412.28,3378.95,3378.27,124007744.0,-26.09,-0.77,3431.402,3465.531,3477.033,140053566.4,148752062.4,156230094.4
2016-12-13,3394.21,3416.21,3405.04,3370.6,121105104.0,-4.14,-0.12,3450.762,3481.436,3479.565,138121038.4,154207307.2,156520132.4
2016-12-12,3489.27,3495.8,3409.18,3400.79,187467760.0,-84.52,-2.42,3461.584,3497.336,3480.807,137005836.8,165788632.0,157193193.2
2016-12-09,3464.87,3507.93,3493.7,3461.76,150303296.0,23.56,0.68,3473.63,3509.926,3481.86,135682755.2,167779404.8,158482160.4
2016-12-08,3481.81,3484.34,3470.14,3466.51,117383928.0,-5.61,-0.16,3480.68,3512.686,3478.036,144893193.6,168111225.6,160906070.8
2016-12-07,3458.37,3475.75,3475.75,3445.76,114345104.0,16.6,0.48,3499.66,3514.546,3474.06,157450558.4,170947463.2,161772151.2
2016-12-06,3466.24,3477.59,3459.15,3456.81,115529096.0,-10.26,-0.3,3512.11,3514.444,3467.925,170293576.0,175751802.4,163010399.2
2016-12-05,3473.69,3496.88,3469.41,3457.34,180852352.0,-59.54,-1.69,3533.088,3515.365,3463.523,194571427.2,181051238.4,162391358.4
2016-12-02,3559.77,3562.55,3528.95,3516.79,196355488.0,-36.09,-1.01,3546.222,3512.535,3457.882,199876054.4,177609456.0,158342640.4
2016-12-01,3543.96,3575.97,3565.04,3543.24,180170752.0,27.04,0.76,3544.692,3501.386,3449.143,191329257.6,169569028.0,153728348.8
2016-11-30,3557.64,3567.07,3538.0,3527.02,178560192.0,-26.04,-0.73,3529.432,3488.535,3439.146,184444368.0,163708126.4,151030986.4
2016-11-29,3525.9,3583.72,3564.04,3521.38,236918352.0,28.96,0.82,3516.778,3477.694,3428.913,181210028.8,158832957.6,146662832.0
2016-11-28,3538.68,3553.36,3535.08,3528.32,207375488.0,13.78,0.39,3497.642,3464.277,3417.717,167531049.6,148597754.4,139473580.0
2016-11-25,3490.04,3521.3,3521.3,3463.95,153621504.0,32.56,0.93,3478.848,3453.794,3408.248,155342857.6,149184916.0,132986298.0
2016-11-24,3468.81,3508.16,3488.74,3467.01,145746304.0,14.01,0.4,3458.08,3443.386,3399.923,147808798.4,153700916.0,130206462.0
2016-11-23,3473.89,3492.96,3474.73,3465.76,162388496.0,6.37,0.18,3447.638,3433.573,3393.859,142971884.8,152596839.2,128478731.6
2016-11-22,3443.22,3469.22,3468.36,3443.22,168523456.0,27.25,0.79,3438.61,3421.405,3388.501,136455886.4,150268996.0,128010024.4
2016-11-21,3412.65,3463.14,3441.11,3412.08,146434528.0,23.65,0.69,3430.912,3411.681,3381.47,129664459.2,143731478.4,125073110.4
2016-11-18,3437.49,3443.12,3417.46,3413.27,115951208.0,-19.07,-0.56,3428.74,3403.229,3375.345,143026974.4,139075824.8,121713327.6
2016-11-17,3423.47,3437.67,3436.53,3412.88,121561736.0,6.94,0.2,3428.692,3396.9,3370.284,159593033.6,137887669.6,120974153.6
2016-11-16,3432.43,3435.64,3429.59,3419.24,129808504.0,-0.28,-0.01,3419.508,3389.756,3364.524,162221793.6,138353846.4,120039102.4
2016-11-15,3428.87,3434.92,3429.87,3415.99,134566320.0,-0.38,-0.01,3404.2,3380.132,3356.938,164082105.6,134492706.4,117854352.8
2016-11-14,3409.22,3452.62,3430.25,3408.14,213247104.0,13.03,0.38,3392.45,3371.158,3350.737,157798497.6,130349405.6,115241850.4
2016-11-11,3387.95,3422.67,3417.22,3382.89,198781504.0,26.61,0.79,3377.718,3362.702,3344.357,135124675.2,116787680.0,108640705.2
2016-11-10,3374.91,3403.02,3390.61,3374.91,134705536.0,37.56,1.12,3365.108,3356.46,3338.496,116182305.6,106712008.0,102135119.2
2016-11-09,3370.6,3373.1,3353.05,3322.08,139110064.0,-18.07,-0.54,3360.004,3354.145,3334.294,114485899.2,104360624.0,99785500.4
2016-11-08,3367.7,3383.92,3371.12,3361.13,103148280.0,14.53,0.43,3356.064,3355.597,3331.335,104903307.2,105751052.8,96855960.4
2016-11-07,3353.44,3362.74,3356.59,3342.31,99877992.0,2.42,0.07,3349.865,3351.259,3325.443,102900313.6,106414742.4,93947447.6
2016-11-04,3362.21,3377.64,3354.17,3348.43,104069656.0,-10.92,-0.33,3347.686,3347.461,3319.833,98450684.8,104350830.4,91726175.8
2016-11-03,3326.9,3379.99,3365.09,3324.84,126223504.0,31.74,0.95,3347.812,3343.668,3313.669,97241710.4,104060637.6,88759067.8
2016-11-02,3350.71,3356.4,3333.35,3331.38,91197104.0,-25.7,-0.77,3348.285,3339.292,3307.452,94235348.8,101724358.4,85370920.2
2016-10-28,3347.143,3370.748,3340.126,3337.288,93133312.0,-5.569,-0.17,3355.13,3333.745,3301.799,106598798.4,101215999.2,84333674.2
2016-10-27,3351.46,3352.354,3345.695,3335.133,77629848.0,-9.105,-0.27,3352.653,3330.317,3298.576,109929171.2,100134295.2,82576707.8
2016-10-26,3365.197,3367.831,3354.8,3349.574,98024784.0,-12.654,-0.38,3347.235,3326.012,3295.847,110250976.0,100493730.4,82482892.6
2016-10-25,3367.475,3373.913,3367.454,3356.585,111191696.0,-0.123,-0.0,3339.523,3320.533,3291.439,110879564.8,97558230.4,80538802.4
2016-10-24,3332.512,3382.825,3367.577,3330.967,153014352.0,39.837,1.2,3330.299,3314.443,3285.936,109213368.0,95210376.8,77618428.0
2016-10-21,3315.715,3341.56,3327.74,3309.178,109785176.0,9.136,0.28,3312.359,3307.072,3280.713,95833200.0,87960868.0,72909264.4
2016-10-20,3317.179,3324.903,3318.604,3312.174,79238872.0,2.364,0.07,3307.98,3299.627,3276.263,90339419.2,81480152.8,70941640.4
2016-10-19,3323.303,3332.52,3316.24,3309.831,101167728.0,-5.092,-0.15,3304.789,3292.205,3273.349,90736484.8,79101521.2,70338711.2
2016-10-18,3272.681,3321.332,3321.332,3272.681,102860712.0,43.454,1.33,3301.542,3283.67,3270.668,84236896.0,73457498.0,71426208.8
2016-10-17,3305.963,3309.009,3277.878,3271.541,86113512.0,-27.97,-0.85,3298.587,3275.612,3270.503,81207385.6,69017482.0,70416025.2
2016-10-14,3298.734,3306.685,3305.848,3285.729,82316272.0,3.203,0.1,3301.785,3269.853,3273.587,80088536.0,67451349.2,69706157.6
2016-10-13,3299.155,3307.409,3302.645,3292.397,81224200.0,2.636,0.08,3291.273,3266.834,3275.336,72620886.4,65019120.4,70737349.2
2016-10-12,3299.138,3302.561,3300.009,3289.753,68669784.0,-6.548,-0.2,3279.621,3265.682,3277.335,67466557.6,64472054.8,71590339.2
2016-10-11,3296.867,3308.004,3306.557,3292.877,87713160.0,12.689,0.39,3265.797,3262.345,3278.318,62678100.0,63519374.4,72071474.0
2016-10-10,3265.364,3294.64,3293.868,3258.958,80519264.0,40.584,1.25,3252.637,3257.429,3278.696,56827578.4,60026479.2,71825406.0
2016-09-30,3240.177,3260.94,3253.284,3239.036,44978024.0,8.897,0.27,3237.92,3254.355,3279.082,54814162.4,57857660.8,72046803.6
2016-09-29,3234.857,3257.766,3244.387,3234.803,55452556.0,13.497,0.42,3242.396,3252.899,3282.807,57417354.4,60403128.0,73776442.8
2016-09-28,3243.647,3243.647,3230.89,3227.996,44727496.0,-9.864,-0.3,3251.743,3254.494,3286.187,61477552.0,61575901.2,74790114.2
2016-09-27,3214.87,3240.775,3240.754,3214.441,58460552.0,20.471,0.64,3258.892,3257.665,3290.032,64360648.8,69394919.6,76405556.2
2016-09-26,3267.69,3267.69,3220.283,3220.283,70452184.0,-55.383,-1.69,3262.222,3265.394,3293.349,63225380.0,71814568.4,77559063.0
2016-09-23,3292.278,3293.916,3275.666,3275.025,57993984.0,-15.455,-0.47,3270.79,3277.322,3297.783,60901159.2,71960966.0,79065911.4
2016-09-22,3281.471,3303.199,3291.121,3277.979,75753544.0,24.485,0.75,3263.403,3283.838,3300.493,63388901.6,76455578.0,80225783.8
2016-09-21,3257.709,3270.902,3266.636,3254.321,59142980.0,9.233,0.28,3257.245,3288.988,3303.028,61674250.4,78708623.6,81084332.2
2016-09-20,3264.664,3265.035,3257.403,3252.388,52784208.0,-5.721,-0.17,3256.439,3294.292,3306.536,74429190.4,80623573.6,83524733.6
2016-09-19,3242.742,3264.899,3263.124,3242.742,58831080.0,24.395,0.75,3268.567,3299.963,3311.917,80403756.8,83624332.8,86883598.4
2016-09-14,3245.737,3254.995,3238.729,3231.335,70432696.0,-21.604,-0.66,3283.855,3303.809,3316.985,83020772.8,86235946.4,91061053.2
2016-09-13,3265.337,3269.222,3260.333,3246.385,67180288.0,-2.271,-0.07,3304.272,3312.715,3323.701,89522254.4,87149757.6,94481802.4
2016-09-12,3271.87,3276.716,3262.604,3234.573,122917680.0,-55.44,-1.67,3320.731,3317.88,3329.596,95742996.8,88004327.2,100942275.2
2016-09-09,3339.373,3344.951,3318.044,3318.044,82657040.0,-21.52,-0.64,3332.146,3322.398,3336.137,86817956.8,83416192.8,105823562.4
2016-09-08,3338.008,3343.395,3339.564,3328.226,71916160.0,-1.253,-0.04,3331.36,3321.303,3334.947,86844908.8,83303557.6,107503412.8
2016-09-07,3344.065,3357.356,3340.817,3337.75,102940104.0,-1.808,-0.05,3323.762,3318.243,3329.637,89451120.0,86170856.8,108959665.6
2016-09-06,3322.018,3347.951,3342.625,3300.125,98284000.0,22.945,0.69,3321.158,3317.148,3324.763,84777260.8,83995989.6,108334178.8
2016-09-05,3321.005,3338.419,3319.68,3314.629,78292480.0,5.566,0.17,3315.03,3317.069,3320.481,80265657.6,83460040.8,107973241.6
2016-09-02,3298.721,3320.425,3314.114,3295.755,82791800.0,12.538,0.38,3312.65,3318.78,3316.206,80014428.8,86425893.6,108392420.0
2016-09-01,3326.738,3329.345,3301.576,3301.212,84947216.0,-26.217,-0.79,3311.245,3323.87,3310.756,79762206.4,90142864.0,108112648.4
2016-08-31,3310.565,3333.972,3327.793,3304.655,79570808.0,15.806,0.48,3312.725,3330.161,3305.741,82890593.6,95886160.0,107540506.4
2016-08-30,3310.318,3325.121,3311.987,3304.596,75725984.0,4.206,0.13,3313.139,3334.687,3299.027,83214718.4,101813847.2,107205171.2
2016-08-29,3306.574,3315.078,3307.781,3297.069,77036336.0,0.691,0.02,3319.107,3341.313,3292.88,86654424.0,113880223.2,106527254.0
2016-08-26,3312.499,3328.945,3307.09,3301.735,81530688.0,-1.882,-0.06,3324.91,3349.877,3286.331,92837358.4,128230932.0,107025612.0
2016-08-25,3314.084,3315.081,3308.972,3279.806,100589152.0,-20.891,-0.63,3336.495,3348.591,3281.174,100523521.6,131703268.0,107351319.6
2016-08-24,3341.93,3348.129,3329.863,3323.725,81191432.0,-11.966,-0.36,3347.598,3341.03,3276.782,108881726.4,131748474.4,107960860.4
2016-08-23,3332.621,3359.647,3341.829,3324.96,92924512.0,5.035,0.15,3356.235,3332.377,3271.201,120412976.0,132672368.0,111910722.4
2016-08-22,3364.681,3372.833,3336.794,3335.469,107951008.0,-28.225,-0.84,3363.518,3323.893,3267.589,141106022.4,132486442.4,111317051.2
2016-08-19,3358.555,3374.045,3365.019,3341.192,119961504.0,0.534,0.02,3374.844,3313.632,3262.293,163624505.6,130358946.4,109429660.0
2016-08-18,3369.947,3394.791,3364.485,3349.687,142380176.0,-8.562,-0.25,3360.687,3297.641,3255.3,162883014.4,126082432.8,107733041.2
2016-08-17,3377.771,3394.388,3373.047,3356.924,138847680.0,-5.198,-0.15,3334.462,3281.321,3249.702,154615222.4,119194852.8,104914273.6
2016-08-16,3403.383,3418.688,3378.245,3372.02,196389744.0,-15.178,-0.45,3308.52,3263.367,3242.93,144931760.0,112596495.2,101606952.4
2016-08-15,3303.468,3417.914,3393.423,3302.377,220543424.0,99.19,3.01,3284.267,3244.448,3236.43,123866862.4,99174284.8,96231808.4
2016-08-12,3231.806,3294.233,3294.233,3231.136,116254048.0,60.873,1.88,3252.419,3222.786,3229.86,97093387.2,85820292.0,90720263.2
2016-08-11,3239.558,3274.026,3233.36,3232.612,101041216.0,-9.98,-0.31,3234.595,3213.756,3228.962,89281851.2,82999371.2,90040812.0
2016-08-10,3255.182,3261.86,3243.34,3242.75,90430368.0,-13.641,-0.42,3228.18,3212.534,3231.132,83774483.2,84173246.4,90365041.2
2016-08-09,3232.603,3257.333,3256.981,3229.174,91065256.0,22.798,0.7,3218.214,3210.024,3233.108,80261230.4,91149076.8,94603327.6
2016-08-08,3199.572,3234.479,3234.183,3187.252,86676048.0,29.073,0.91,3204.628,3211.285,3233.918,74481707.2,90147660.0,98676776.0
2016-08-05,3201.354,3224.873,3205.11,3192.861,77196368.0,3.822,0.12,3193.153,3210.955,3232.376,74547196.8,88500373.6,101269448.8
2016-08-04,3190.546,3201.553,3201.288,3170.418,73504376.0,7.781,0.24,3192.917,3212.96,3231.734,76716891.2,89383649.6,101896373.2
2016-08-03,3179.684,3197.157,3193.507,3173.535,72864104.0,4.455,0.14,3196.887,3218.083,3232.167,84572009.6,90633694.4,104150914.4
2016-08-02,3173.757,3189.052,3189.052,3165.542,62167640.0,12.243,0.39,3201.834,3222.493,3233.332,102036923.2,90617409.6,106752582.0
2016-08-01,3196.425,3199.975,3176.809,3156.748,87003496.0,-27.121,-0.85,3217.941,3228.411,3234.249,105813612.8,93289332.0,110155544.8
2016-07-29,3217.192,3225.418,3203.93,3198.683,88044840.0,-17.206,-0.53,3228.756,3236.933,3235.643,102453550.4,95620234.4,112470896.4
2016-07-28,3204.464,3235.781,3221.136,3195.269,112779968.0,2.893,0.09,3233.003,3244.167,3233.157,102050408.0,97082252.8,111655968.4
2016-07-27,3270.083,3276.511,3218.243,3157.409,160188672.0,-51.345,-1.57,3239.28,3249.73,3229.796,96695379.2,96556836.0,110001600.8
2016-07-26,3228.234,3269.745,3269.588,3228.007,81051088.0,38.703,1.2,3243.152,3256.193,3226.453,79197896.0,98057578.4,107178350.4
2016-07-25,3220.165,3243.79,3230.885,3218.141,70203184.0,5.723,0.18,3238.882,3256.552,3219.794,80765051.2,107205892.0,107727028.0
2016-07-22,3251.242,3253.769,3225.162,3220.893,86029128.0,-27.36,-0.84,3245.109,3253.796,3214.277,88786918.4,114038524.0,108380231.6
2016-07-21,3238.336,3271.373,3252.522,3238.303,86004824.0,14.917,0.46,3255.332,3250.508,3206.876,92114097.6,114409096.8,109318385.6
2016-07-20,3246.862,3254.507,3237.605,3232.256,72701256.0,-10.629,-0.33,3260.18,3246.251,3200.116,96418292.8,117668134.4,108405731.2
2016-07-19,3260.434,3264.73,3248.234,3226.198,88886864.0,-13.788,-0.42,3269.233,3244.171,3194.934,116917260.8,122887754.4,108095024.0
2016-07-18,3269.707,3281.637,3262.022,3251.765,110312520.0,-14.255,-0.43,3274.222,3240.086,3187.838,133646732.8,127021757.6,108048948.0
2016-07-15,3278.835,3285.026,3276.277,3265.29,102665024.0,-0.486,-0.01,3262.484,3234.353,3180.371,139290129.6,129321558.4,105712679.0
2016-07-14,3277.481,3281.95,3276.763,3259.065,107525800.0,-6.105,-0.19,3245.684,3222.146,3172.075,136704096.0,126229684.0,104849577.0
2016-07-13,3274.02,3300.991,3282.868,3271.775,175196096.0,9.686,0.3,3232.323,3209.862,3162.97,138917976.0,123446365.6,103622022.2
2016-07-12,3201.906,3273.473,3273.182,3200.303,172534224.0,69.853,2.18,3219.11,3196.714,3154.645,128858248.0,116299122.4,99231880.2
2016-07-11,3199.038,3235.962,3203.329,3197.625,138529504.0,11.049,0.35,3205.95,3183.035,3144.785,120396782.4,108248164.0,93919141.8
2016-07-08,3199.754,3204.928,3192.28,3183.959,89734856.0,-17.674,-0.55,3206.223,3174.757,3137.936,119352987.2,102721939.2,91641463.8
2016-07-07,3206.55,3220.54,3209.954,3190.123,118595200.0,-6.849,-0.21,3198.607,3163.245,3136.521,115755272.0,104227674.4,90969309.8
2016-07-06,3197.624,3217.515,3216.803,3183.451,124897456.0,9.421,0.29,3187.4,3153.981,3134.876,107974755.2,99143328.0,88485965.4
2016-07-05,3199.157,3216.702,3207.382,3197.995,130226896.0,2.686,0.08,3174.318,3145.697,3132.975,103739996.8,93302293.6,86075780.2
2016-07-04,3136.385,3210.601,3204.696,3134.023,133310528.0,50.496,1.6,3160.121,3135.59,3132.072,96099545.6,89076138.4,84639024.6
2016-07-01,3156.932,3170.258,3154.2,3148.294,71746280.0,0.279,0.01,3143.291,3126.388,3130.193,86090891.2,82103799.6,82273669.4
2016-06-30,3152.833,3163.72,3153.921,3148.198,79692616.0,2.532,0.08,3127.882,3122.004,3130.51,92700076.8,83469470.0,84343779.4
2016-06-29,3142.484,3158.076,3151.389,3139.132,103723664.0,14.988,0.48,3120.561,3116.079,3131.292,90311900.8,83797678.8,87302303.8
2016-06-28,3107.397,3139.43,3136.401,3099.701,92024640.0,15.857,0.51,3117.075,3112.577,3127.058,82864590.4,82164638.0,85271049.6
2016-06-27,3065.128,3120.64,3120.544,3064.966,83267256.0,43.389,1.41,3111.059,3106.535,3123.363,82052731.2,79590119.6,83693255.2
2016-06-24,3110.646,3130.539,3077.155,3033.965,104792208.0,-40.161,-1.29,3109.485,3101.115,3120.546,78116708.0,80560988.4,82549541.4
2016-06-23,3129.72,3129.72,3117.316,3102.481,67751736.0,-16.645,-0.53,3116.125,3109.798,3119.65,74238863.2,77710945.2,80142571.2
2016-06-22,3100.449,3134.06,3133.961,3096.991,66487112.0,27.644,0.89,3111.597,3115.771,3116.962,77283456.8,77828602.8,79691703.6
2016-06-21,3124.898,3155.492,3106.317,3097.94,87965344.0,-6.357,-0.2,3108.078,3120.254,3114.625,81464685.6,78849266.8,79352208.8
2016-06-20,3114.906,3118.725,3112.674,3089.712,63587140.0,2.317,0.07,3102.011,3128.555,3113.22,77127508.0,80201910.8,77757983.6
2016-06-17,3096.09,3131.048,3110.357,3096.09,85402984.0,15.683,0.51,3092.745,3133.997,3110.711,83005268.8,82443539.2,77600835.0
2016-06-16,3104.361,3112.475,3094.674,3089.477,82974704.0,-21.694,-0.7,3103.47,3139.016,3108.595,81183027.2,85218088.8,77466454.2
2016-06-15,3043.957,3128.673,3116.368,3042.232,87393256.0,40.385,1.31,3119.946,3146.505,3108.162,78373748.8,90806928.8,76581625.2
2016-06-14,3058.443,3078.749,3075.983,3055.655,66279456.0,9.642,0.31,3132.43,3141.539,3107.109,76233848.0,88377461.2,75185055.2
2016-06-13,3134.045,3145.605,3066.341,3065.767,92975944.0,-97.645,-3.09,3155.099,3140.191,3107.057,83276313.6,87796390.8,75002570.2
2016-06-08,3171.813,3174.971,3163.986,3148.351,76291776.0,-13.067,-0.41,3175.25,3139.978,3108.247,81881809.6,84538094.4,74292059.4
2016-06-07,3182.437,3186.616,3177.053,3168.179,68928312.0,-1.735,-0.06,3174.562,3129.502,3104.188,89253150.4,82574197.2,74567183.4
2016-06-06,3192.779,3197.22,3178.788,3168.554,76693752.0,-10.537,-0.33,3173.064,3118.152,3098.791,103240108.8,81554804.4,74563264.6
2016-06-03,3172.946,3201.749,3189.325,3162.088,101491784.0,22.226,0.7,3150.648,3108.995,3093.132,100521074.4,79855150.8,75690101.0
2016-06-02,3158.025,3168.824,3167.099,3151.065,86003424.0,6.552,0.21,3125.283,3097.884,3090.184,92316468.0,75314056.4,76049523.8
2016-06-01,3172.961,3181.792,3160.547,3159.817,113148480.0,-9.012,-0.28,3104.705,3087.425,3092.525,87194379.2,72758130.8,75486036.6
2016-05-31,3068.596,3170.926,3169.559,3068.596,138863104.0,102.85,3.35,3084.441,3078.173,3094.97,75895244.0,69714819.6,74371733.0
2016-05-30,3056.313,3075.261,3066.709,3037.664,63098580.0,4.21,0.14,3063.24,3069.82,3097.169,59869500.0,62356321.6,72336819.4
2016-05-27,3059.732,3073.756,3062.499,3052.179,60468752.0,-1.712,-0.06,3067.342,3072.68,3101.671,59189227.2,61992649.2,72083379.2
2016-05-26,3056.6,3072.524,3064.211,3027.444,60392980.0,4.986,0.16,3070.486,3073.923,3106.575,58311644.8,62208749.6,72553474.4
2016-05-25,3079.748,3089.102,3059.225,3054.869,56652804.0,-4.33,-0.14,3070.144,3076.516,3111.661,58321882.4,64046024.4,72534032.8
2016-05-24,3083.244,3083.257,3063.555,3052.59,58734384.0,-23.667,-0.77,3071.906,3078.874,3117.657,63534395.2,66560169.6,72652429.4
2016-05-23,3078.515,3098.478,3087.222,3076.503,59697216.0,9.004,0.29,3076.4,3079.43,3122.581,64843143.2,67571724.8,73091677.8
2016-05-20,3047.777,3078.531,3078.218,3041.516,56080840.0,15.718,0.51,3078.017,3077.269,3126.965,64796071.2,71525051.2,73960741.8
2016-05-19,3060.342,3086.977,3062.5,3058.145,60444168.0,-5.535,-0.18,3077.36,3082.483,3131.084,66105854.4,76784991.2,76394332.2
2016-05-18,3071.529,3072.612,3068.035,3039.461,82715368.0,-17.989,-0.58,3082.888,3097.625,3137.011,69770166.4,78213942.4,81482516.6
2016-05-17,3095.522,3105.201,3086.024,3073.459,65278124.0,-9.284,-0.3,3085.842,3111.767,3145.524,69585944.0,79028646.4,81390320.2
2016-05-16,3064.526,3095.555,3095.308,3053.661,59461856.0,20.373,0.66,3082.46,3124.519,3152.646,70300306.4,82317317.2,82980917.6
2016-05-13,3081.679,3103.095,3074.935,3064.691,62629756.0,-15.202,-0.49,3076.521,3130.663,3161.49,78254031.2,82174109.2,84998201.2
2016-05-12,3059.383,3095.348,3090.137,3035.022,78765728.0,7.329,0.24,3087.605,3139.227,3171.535,87464128.0,82898199.2,87524579.8
2016-05-11,3080.636,3102.876,3082.808,3063.088,81794256.0,13.696,0.45,3112.362,3146.805,3180.098,86657718.4,81022041.2,93366987.0
2016-05-10,3055.211,3084.724,3069.112,3055.183,68849936.0,3.497,0.11,3137.692,3156.441,3186.88,88471348.8,78744689.2,93920746.2
2016-05-09,3115.43,3115.43,3065.615,3055.005,99230480.0,-64.739,-2.07,3166.578,3165.733,3194.929,94334328.0,78611630.8,96738885.0
2016-05-06,3213.136,3216.893,3130.354,3130.147,108680240.0,-83.566,-2.6,3184.804,3176.661,3200.934,86094187.2,76396432.4,96827642.2
2016-05-05,3204.169,3217.282,3213.92,3196.566,74733680.0,4.459,0.14,3190.849,3179.686,3204.881,78332270.4,76003673.2,97014103.4
2016-05-04,3203.465,3222.882,3209.461,3198.292,90862408.0,-4.079,-0.13,3181.249,3176.397,3207.062,75386364.0,84751090.8,99287234.6
2016-05-03,3159.823,3218.485,3213.54,3151.405,98164832.0,56.795,1.8,3175.189,3179.281,3209.813,69018029.6,83751994.0,102046503.0
2016-04-29,3153.537,3171.289,3156.745,3149.397,58029776.0,-3.836,-0.12,3164.887,3180.772,3210.231,62888933.6,83644518.0,103044368.2
2016-04-28,3169.333,3174.766,3160.581,3135.643,69870656.0,-5.335,-0.17,3168.518,3192.318,3213.298,66698677.6,87822293.2,106220483.0
2016-04-27,3181.931,3188.826,3165.916,3162.691,60004148.0,-13.245,-0.42,3168.523,3203.843,3216.082,73675076.0,92150960.4,108617075.8
2016-04-26,3159.771,3181.095,3179.161,3150.404,59020736.0,17.128,0.54,3171.545,3213.39,3214.557,94115817.6,105711932.8,110481605.6
2016-04-25,3164.738,3172.269,3162.033,3137.113,67519352.0,-12.868,-0.41,3183.373,3217.319,3214.086,98485958.4,109096803.2,112702665.6
2016-04-22,3142.561,3175.38,3174.901,3137.993,77078496.0,14.298,0.45,3196.657,3224.125,3215.875,104400102.4,114866139.2,114196464.4
2016-04-21,3160.796,3198.557,3160.603,3150.94,104752648.0,-20.423,-0.64,3216.118,3225.208,3216.222,108945908.8,117258852.0,116999095.6
2016-04-20,3244.142,3248.422,3181.026,3107.369,162207856.0,-57.277,-1.77,3239.164,3230.076,3219.997,110626844.8,118024533.6,118045427.6
2016-04-19,3243.971,3250.725,3238.303,3221.577,80871440.0,9.85,0.3,3255.235,3237.727,3222.235,117308048.0,113823378.4,117986079.6
2016-04-18,3252.671,3252.671,3228.453,3221.662,97090072.0,-43.752,-1.34,3251.265,3240.345,3222.792,119707648.0,120341012.0,125605981.2
2016-04-15,3279.857,3282.985,3272.205,3261.73,99807528.0,-3.627,-0.11,3251.593,3239.689,3219.967,125332176.0,122444218.4,130616605.6
2016-04-14,3277.098,3286.072,3275.832,3252.05,113157328.0,14.449,0.44,3234.297,3234.277,3212.567,125571795.2,124618672.8,131709318.0
2016-04-13,3237.858,3296.523,3261.383,3237.858,195613872.0,42.933,1.33,3220.989,3228.322,3203.277,125422222.4,125083191.2,132288274.0
2016-04-12,3227.367,3232.264,3218.45,3198.903,92869440.0,-11.646,-0.36,3220.218,3215.724,3193.947,110338708.8,115251278.4,127423177.6
2016-04-11,3213.507,3251.572,3230.096,3213.507,125212712.0,44.37,1.39,3229.425,3210.852,3186.309,120974376.0,116308528.0,128635138.4
2016-04-08,3189.846,3197.774,3185.726,3163.305,101005624.0,-23.564,-0.73,3227.785,3207.624,3175.718,119556260.8,113526789.6,126041181.2
2016-04-07,3266.288,3270.82,3209.29,3208.644,112409464.0,-48.238,-1.48,3234.257,3207.237,3167.089,123665550.4,116739339.2,124794510.0
2016-04-06,3250.522,3267.64,3257.528,3236.196,120196304.0,-6.958,-0.21,3235.654,3209.917,3160.22,124744160.0,118066321.6,124747349.2
2016-04-05,3211.305,3271.93,3264.486,3205.207,146047776.0,42.591,1.32,3211.231,3206.743,3152.727,120163848.0,122148780.8,125549321.2
2016-04-01,3213.674,3222.612,3221.895,3165.856,118122136.0,3.807,0.12,3192.279,3205.238,3144.745,111642680.0,130870950.4,124870034.4
2016-03-31,3229.2,3241.927,3218.088,3208.665,121552072.0,1.813,0.06,3187.464,3200.245,3138.345,107497318.4,138788992.8,129922554.0
2016-03-30,3161.289,3216.676,3216.275,3161.289,117802512.0,80.865,2.58,3180.216,3190.857,3130.362,109813128.0,138799963.2,132500237.6
2016-03-29,3171.314,3178.075,3135.41,3122.761,97294744.0,-34.318,-1.08,3184.18,3178.233,3122.115,111388483.2,139493356.8,135408729.6
2016-03-28,3206.953,3229.624,3169.728,3161.878,103441936.0,-28.089,-0.88,3202.256,3172.17,3111.879,124133713.6,139595076.8,136346288.4
2016-03-25,3176.81,3204.442,3197.817,3174.318,97395328.0,15.966,0.5,3218.197,3161.766,3097.266,150099220.8,140961748.8,137641242.8
2016-03-24,3211.496,3221.906,3181.851,3181.813,133131120.0,-54.241,-1.68,3213.027,3143.812,3084.776,170080667.2,138555572.8,138118962.8
2016-03-23,3217.729,3242.247,3236.092,3202.976,125679288.0,10.302,0.32,3201.497,3126.942,3071.621,167786798.4,132849680.8,139353894.8
2016-03-22,3231.615,3249.677,3225.79,3218.728,161020896.0,-23.647,-0.73,3172.285,3110.523,3065.294,167598230.4,131428376.8,138659062.8
2016-03-21,3203.293,3267.775,3249.437,3198.361,233269472.0,77.474,2.44,3142.083,3098.712,3058.473,155056440.0,128949861.6,136236387.6
2016-03-18,3136.223,3197.668,3171.963,3130.102,197302560.0,47.759,1.53,3105.334,3084.252,3051.944,131824276.8,118869118.4,131620262.8
2016-03-17,3096.808,3147.841,3124.204,3077.572,121661776.0,34.171,1.11,3074.598,3076.445,3045.925,107030478.4,121056115.2,126122035.6
2016-03-16,3068.866,3100.352,3090.033,3064.521,124736448.0,15.253,0.5,3052.387,3069.866,3042.4,97912563.2,126200512.0,126259020.0
2016-03-15,3061.343,3077.085,3074.78,3028.578,98311944.0,9.09,0.3,3048.761,3065.996,3041.064,95258523.2,131324102.4,126436778.0
2016-03-14,3039.569,3106.8,3065.69,3034.0,117108656.0,47.406,1.57,3055.34,3051.588,3039.177,102843283.2,133097500.0,127150162.8
2016-03-11,2990.214,3026.437,3018.284,2982.172,73333568.0,5.138,0.17,3063.17,3032.766,3033.228,105913960.0,134320736.8,124940701.6
2016-03-10,3056.21,3074.16,3013.146,3012.691,76072200.0,-58.761,-1.91,3078.291,3025.74,3030.503,135081752.0,137682352.8,125116563.6
2016-03-09,3045.924,3072.916,3071.907,3020.134,111466248.0,-35.766,-1.15,3087.346,3016.301,3029.084,154488460.8,145858108.8,125901940.0
2016-03-08,3100.149,3109.25,3107.673,3001.829,136235744.0,2.833,0.09,3083.232,3020.065,3022.921,167389681.6,145889748.8,124198077.6
2016-03-07,3108.999,3130.903,3104.84,3083.584,132462040.0,10.95,0.35,3047.836,3018.234,3015.604,163351716.8,143522913.6,121816388.4
2016-03-04,3047.537,3101.656,3093.89,3032.424,219172528.0,35.468,1.16,3002.361,3019.636,3005.414,162727513.6,144371407.2,119533053.6
2016-03-03,3050.389,3078.444,3058.422,3040.246,173105744.0,7.089,0.23,2973.189,3015.406,2998.024,140282953.6,131187956.0,114239640.0
2016-03-02,2933.921,3054.724,3051.333,2933.116,175972352.0,120.639,4.12,2945.255,3014.934,2987.791,137227756.8,126317528.0,110545490.4
2016-03-01,2881.335,2950.436,2930.694,2863.323,116045920.0,53.227,1.85,2956.897,3016.132,2981.742,124389816.0,121549453.6,108358341.2
2016-02-29,2939.58,2939.875,2877.467,2821.215,129341024.0,-70.564,-2.39,2988.631,3026.766,2982.232,123694110.4,121202825.6,108902741.2
2016-02-26,2942.095,2964.385,2948.031,2902.948,106949728.0,29.281,1.0,3036.911,3033.69,2994.803,126015300.8,115560666.4,106512693.2
2016-02-25,3104.41,3104.436,2918.75,2905.457,157829760.0,-190.795,-6.14,3057.622,3035.266,3003.075,122092958.4,112550774.4,105662761.2
2016-02-24,3077.606,3109.545,3109.545,3055.251,111782648.0,20.182,0.65,3084.612,3041.867,3011.205,115407299.2,105945771.2,103330760.0
2016-02-23,3117.203,3119.221,3089.363,3061.429,112567392.0,-29.505,-0.95,3075.367,3025.776,3014.446,118709091.2,102506406.4,104274152.8
2016-02-22,3083.933,3128.207,3118.868,3071.329,140946976.0,67.283,2.21,3064.901,3012.974,3021.134,118711540.8,100109863.2,105028478.0
2016-02-19,3047.942,3065.968,3051.585,3032.634,87338016.0,-2.114,-0.07,3030.469,2991.192,3021.727,105106032.0,94694700.0,103037548.4
2016-02-18,3079.527,3093.513,3053.699,3049.841,124401464.0,-9.621,-0.31,3012.91,2980.642,3025.085,103008590.4,97291324.0,104900736.4
2016-02-17,3034.09,3065.785,3063.32,3027.046,128291608.0,26.285,0.86,2999.122,2960.648,3033.478,96484243.2,94773452.8,105407546.4
2016-02-16,2962.187,3042.089,3037.035,2962.187,112579640.0,90.328,3.06,2976.186,2947.351,3038.106,86303721.6,95167228.8,105026290.8
2016-02-15,2888.428,2961.493,2946.707,2886.018,72919432.0,-17.082,-0.58,2961.046,2937.698,3047.04,81508185.6,96602656.8,105808598.4
2016-02-05,2982.056,2988.36,2963.789,2962.847,76850808.0,-20.971,-0.7,2951.914,2955.916,3059.327,84283368.0,97464720.0,110894546.0
2016-02-04,2960.334,2999.206,2984.76,2960.207,91779728.0,36.121,1.23,2948.374,2970.884,3079.216,91574057.6,98774748.0,116349978.4
2016-02-03,2931.288,2954.71,2948.639,2909.898,77389000.0,-12.695,-0.43,2922.173,2980.542,3094.697,93062662.4,100715748.8,113966124.0
2016-02-02,2901.528,2972.426,2961.334,2901.512,88601960.0,60.286,2.08,2918.516,3003.116,3124.256,104030736.0,106041899.2,117394981.2
2016-02-01,2939.04,2944.517,2901.048,2869.561,86795344.0,-45.042,-1.53,2914.351,3029.295,3150.128,111697128.0,109947092.8,121070732.8
2016-01-29,2855.598,2965.309,2946.09,2854.371,113304256.0,92.334,3.24,2959.919,3052.263,3178.529,110646072.0,111380396.8,122499499.2
2016-01-28,2909.334,2941.887,2853.756,2841.844,99222752.0,-76.596,-2.61,2993.393,3069.527,3217.774,105975438.4,112510148.8,121927964.0
2016-01-27,2953.183,2963.544,2930.352,2839.29,132229368.0,-10.157,-0.34,3038.911,3106.309,3263.345,108368835.2,116041640.0,122248324.0
2016-01-26,3099.596,3106.53,2940.509,2934.647,126933920.0,-188.377,-6.02,3087.716,3128.862,3304.922,108053062.4,114885352.8,120731133.2
2016-01-25,3129.028,3149.332,3128.886,3105.1,81540064.0,15.423,0.49,3144.239,3156.382,3344.278,108197057.6,115014540.0,122083859.6
2016-01-22,3114.895,3132.171,3113.463,3053.958,89951088.0,32.118,1.04,3144.608,3162.738,3379.743,112114721.6,124324372.0,123988057.2
2016-01-21,3136.384,3202.538,3081.345,3081.345,111189736.0,-93.033,-2.93,3145.661,3187.548,3415.54,119044859.2,133925208.8,126849572.4
2016-01-20,3204.218,3225.95,3174.378,3154.426,130650504.0,-48.747,-1.51,3173.707,3208.852,3454.792,123714444.8,127216499.2,131640943.2
2016-01-19,3132.705,3227.908,3223.125,3119.216,127653896.0,92.396,2.95,3170.007,3245.395,3489.91,121717643.2,128748063.2,134123601.2
2016-01-18,3068.235,3165.616,3130.729,3066.727,101128384.0,11.999,0.39,3168.524,3270.96,3522.052,121832022.4,132194372.8,138612670.4
2016-01-15,3200.888,3216.798,3118.73,3101.052,124601776.0,-102.841,-3.19,3180.868,3304.794,3553.911,136534022.4,133618601.6,142229550.4
2016-01-14,3076.645,3226.658,3221.571,3072.039,134537664.0,65.692,2.08,3229.435,3366.022,3585.769,148805558.4,131345779.2,144895665.6
2016-01-13,3240.484,3257.295,3155.879,3155.879,120666496.0,-59.831,-1.86,3243.997,3420.382,3608.963,130718553.6,128455008.0,143735918.4
2016-01-12,3214.823,3242.253,3215.71,3174.55,128225792.0,23.26,0.73,3320.783,3480.982,3635.888,135778483.2,126576913.6,144026679.2
2016-01-11,3303.125,3342.481,3192.45,3192.45,174638384.0,-169.113,-5.03,3373.397,3532.174,3660.669,142556723.2,129153179.2,145203845.6
2016-01-08,3371.871,3418.851,3361.563,3237.931,185959456.0,67.179,2.04,3428.72,3596.749,3681.449,130703180.8,123651742.4,141988050.4
2016-01-07,3481.15,3481.15,3294.384,3284.737,44102640.0,-245.424,-6.93,3502.609,3643.533,3694.525,113886000.0,119773936.0,138700858.8
2016-01-06,3482.406,3543.739,3539.808,3468.467,145966144.0,61.028,1.75,3596.767,3700.733,3711.603,126191462.4,136065387.2,142161998.0
2016-01-05,3382.177,3518.217,3478.78,3377.28,162116992.0,9.714,0.28,3641.18,3734.425,3715.763,117375344.0,139499139.2,141152744.8
2016-01-04,3725.856,3726.245,3469.066,3468.949,115370672.0,-261.939,-7.02,3690.951,3773.143,3726.205,115749635.2,145030968.0,138741052.8
2015-12-31,3760.904,3772.617,3731.005,3727.325,101873552.0,-34.17,-0.91,3764.778,3803.028,3736.631,116600304.0,150840499.2,140532495.2
2015-12-30,3762.914,3765.657,3765.175,3726.278,105629952.0,3.3,0.09,3784.457,3805.517,3737.546,125661872.0,158445552.0,145326924.0
2015-12-29,3723.05,3762.052,3761.875,3710.48,101885552.0,34.243,0.92,3804.698,3797.543,3735.385,145939312.0,159016828.8,150722369.6
2015-12-28,3847.532,3853.389,3727.632,3727.632,153988448.0,-110.569,-2.88,3827.67,3790.794,3726.876,161622934.4,161476444.8,152454920.0
2015-12-25,3832.085,3848.025,3838.201,3813.204,119624016.0,8.799,0.23,3855.336,3789.163,3718.815,174312300.8,161254512.0,153415556.0
2015-12-24,3858.135,3867.679,3829.402,3787.084,147181392.0,-36.979,-0.96,3841.279,3766.149,3704.754,185080694.4,160324358.4,157881323.2
2015-12-23,3877.872,3926.686,3866.381,3862.965,207017152.0,-10.352,-0.27,3826.576,3745.517,3701.256,191229232.0,157627781.6,159198527.2
2015-12-22,3872.098,3880.468,3876.733,3841.593,180303664.0,10.768,0.28,3790.388,3722.473,3697.017,172094345.6,148258608.8,156444916.8
2015-12-21,3762.097,3877.82,3865.965,3759.989,217435280.0,98.052,2.6,3753.919,3697.102,3690.875,161329955.2,142806350.4,154598897.6
2015-12-18,3754.96,3810.218,3767.913,3750.925,173465984.0,12.025,0.32,3722.99,3679.266,3685.243,148196723.2,132451137.6,152508474.4
2015-12-17,3712.783,3768.844,3755.888,3709.851,177924080.0,70.448,1.91,3691.02,3670.234,3685.567,135568022.4,130224491.2,153182760.0
2015-12-16,3703.95,3713.09,3685.44,3677.45,111342720.0,-8.949,-0.24,3664.459,3669.575,3686.521,124026331.2,132208296.0,152018155.2
2015-12-15,3707.73,3717.357,3694.389,3679.23,126481712.0,-16.933,-0.46,3654.558,3673.227,3688.028,124422872.0,142427910.4,155735493.6
2015-12-14,3573.884,3712.503,3711.322,3570.998,151769120.0,103.263,2.86,3640.285,3662.957,3691.228,124282745.6,143433395.2,161838061.6
2015-12-11,3605.372,3630.744,3608.059,3578.146,110322480.0,-15.025,-0.41,3635.542,3648.466,3693.868,116705552.0,145576600.0,162334150.4
2015-12-10,3634.366,3678.318,3623.084,3615.991,120215624.0,-12.854,-0.35,3649.448,3643.359,3700.777,124880960.0,155438288.0,166992520.8
2015-12-09,3613.42,3655.159,3635.938,3611.49,113325424.0,12.918,0.36,3674.691,3656.994,3709.389,140390260.8,160769272.8,171858622.0
2015-12-08,3668.839,3668.839,3623.02,3619.445,125781080.0,-64.587,-1.75,3691.895,3671.561,3719.274,160432948.8,164631224.8,177804066.0
2015-12-07,3681.582,3699.337,3687.607,3658.578,113883152.0,10.015,0.27,3685.63,3684.648,3729.785,162584044.8,166391444.8,185840992.8
2015-12-04,3719.734,3726.124,3677.592,3667.291,151199520.0,-71.707,-1.91,3661.391,3691.221,3737.423,174447648.0,172565811.2,197987076.8
2015-12-03,3709.547,3758.446,3749.299,3693.137,197762128.0,27.344,0.73,3637.271,3700.9,3743.212,185995616.0,176141028.8,205364755.2
2015-12-02,3587.758,3725.854,3721.955,3573.403,213538864.0,130.259,3.63,3639.297,3703.467,3741.045,181148284.8,171828014.4,215378976.8
2015-12-01,3562.319,3617.305,3591.696,3536.116,136536560.0,25.284,0.71,3651.227,3702.829,3736.375,168829500.8,169043076.8,214973227.2
2015-11-30,3554.89,3587.97,3566.412,3455.068,173201168.0,9.42,0.27,3683.666,3719.498,3730.064,170198844.8,180242728.0,213216492.8
2015-11-27,3739.096,3742.742,3556.992,3534.39,208939360.0,-202.437,-5.38,3721.05,3739.27,3725.542,170683974.4,179091700.8,211056562.8
2015-11-26,3795.245,3805.844,3759.429,3756.823,173525472.0,-22.178,-0.59,3764.529,3758.195,3724.396,166286441.6,178546753.6,207566690.8
2015-11-25,3747.759,3781.857,3781.607,3735.716,151944944.0,27.718,0.74,3767.637,3761.784,3713.09,162507744.0,182947971.2,205240939.6
2015-11-24,3745.761,3754.169,3753.889,3702.737,143383280.0,0.554,0.01,3754.431,3766.988,3700.256,169256652.8,190976907.2,206192547.6
2015-11-23,3774.436,3802.851,3753.335,3743.405,175626816.0,-21.048,-0.56,3755.331,3774.923,3692.205,190286611.2,205290540.8,208626190.8
2015-11-20,3778.884,3793.545,3774.383,3757.026,186951696.0,-0.586,-0.02,3757.489,3783.625,3684.002,187499427.2,223408342.4,210057293.2
2015-11-19,3725.622,3775.232,3774.969,3714.675,154631984.0,59.389,1.6,3751.861,3785.524,3673.845,190807065.6,234588481.6,210624432.4
2015-11-18,3760.456,3771.847,3715.58,3706.31,185689488.0,-42.807,-1.14,3755.932,3778.624,3661.323,203388198.4,258929939.2,212108112.4
2015-11-17,3790.426,3852.774,3758.387,3750.157,248533072.0,-5.739,-0.15,3779.545,3769.92,3649.207,212697161.6,260903377.6,216927441.2
2015-11-16,3682.735,3764.409,3764.126,3680.073,161690896.0,17.884,0.48,3794.515,3740.631,3640.172,220294470.4,246190257.6,213452042.8
2015-11-13,3756.204,3793.713,3746.242,3727.585,203489888.0,-49.082,-1.29,3809.761,3711.814,3628.675,259317257.6,243021424.8,215747835.6
2015-11-12,3841.738,3843.9,3795.324,3771.274,217537648.0,-38.322,-1.0,3819.187,3690.598,3618.066,278369897.6,236586628.0,216021576.4
2015-11-11,3828.448,3843.112,3833.646,3781.41,232234304.0,0.408,0.01,3801.317,3664.396,3602.641,314471680.0,227533908.0,213702609.2
2015-11-10,3806.669,3876.49,3833.238,3798.821,286519616.0,-7.117,-0.18,3760.295,3633.524,3581.264,309109593.6,221408188.0,209699590.8
2015-11-09,3796.379,3891.773,3840.355,3796.379,356804832.0,46.981,1.24,3686.746,3609.488,3561.854,272086044.8,211961840.8,202645299.6
2015-11-06,3698.342,3801.705,3793.374,3694.657,298753088.0,87.404,2.36,3613.867,3584.378,3542.221,226725592.0,196706244.0,195875081.2
2015-11-05,3630.782,3781.409,3705.97,3627.301,398046560.0,77.432,2.13,3562.008,3562.165,3519.558,194803358.4,186660383.2,187155051.6
2015-11-04,3477.159,3628.538,3628.538,3477.159,205423872.0,163.045,4.71,3527.476,3544.021,3499.084,140596136.0,165286285.6,173856812.0
2015-11-03,3484.722,3501.704,3465.493,3452.62,101401872.0,-10.469,-0.3,3506.752,3528.493,3477.804,133706782.4,172951504.8,167513586.0
2015-11-02,3489.225,3543.45,3475.962,3474.712,130002568.0,-58.117,-1.64,3532.229,3539.714,3464.677,151837636.8,180713828.0,166371460.0
2015-10-30,3530.223,3574.473,3534.079,3497.568,139141920.0,0.772,0.02,3554.889,3545.536,3449.822,166686896.0,188474246.4,164228863.2
2015-10-29,3539.978,3561.814,3533.307,3507.966,127010448.0,8.387,0.24,3562.322,3545.535,3435.255,178517408.0,195456524.8,160982740.8
2015-10-28,3575.805,3598.172,3524.92,3517.21,170977104.0,-67.959,-1.89,3560.567,3540.885,3420.188,189976435.2,199871310.4,160703182.4
2015-10-27,3569.449,3601.053,3592.879,3486.102,192056144.0,3.618,0.1,3550.234,3529.005,3408.192,212196227.2,197990993.6,157254889.2
2015-10-26,3614.702,3620.756,3589.261,3561.192,204248864.0,18.02,0.51,3547.199,3514.221,3391.699,209590019.2,193328758.4,153810654.0
2015-10-23,3536.843,3581.836,3571.241,3515.822,198294480.0,46.707,1.32,3536.183,3500.064,3379.188,210261596.8,195043918.4,150909310.0
2015-10-22,3453.201,3530.766,3524.534,3442.307,184305584.0,51.28,1.48,3528.748,3476.952,3366.038,212395641.6,187649720.0,147134019.6
2015-10-21,3580.838,3601.243,3473.254,3417.412,282076064.0,-104.449,-2.92,3521.204,3454.147,3352.375,209766185.6,182427338.4,143263914.4
2015-10-20,3527.875,3577.798,3577.703,3510.437,179025104.0,43.521,1.23,3507.775,3427.116,3340.562,183785760.0,162075667.2,137630205.6
2015-10-19,3548.953,3572.995,3534.182,3502.505,207606752.0,0.117,0.0,3481.243,3389.64,3327.139,177067497.6,152029092.0,136664450.4
2015-10-16,3508.518,3537.539,3534.065,3487.104,208964704.0,47.25,1.35,3463.946,3354.108,3308.042,179826240.0,139983480.0,133461895.2
2015-10-15,3403.389,3486.815,3486.815,3402.316,171158304.0,80.703,2.37,3425.156,3324.976,3295.395,162903798.4,126508956.8,133286522.4
2015-10-14,3431.135,3458.702,3406.112,3403.231,152173936.0,-38.931,-1.13,3387.089,3299.49,3288.414,155088491.2,121535054.4,130155982.4
2015-10-13,3422.477,3452.045,3445.043,3413.967,145433792.0,-2.65,-0.08,3346.456,3287.379,3285.986,140365574.4,116518784.8,129791434.4
2015-10-12,3351.139,3486.631,3447.693,3347.251,221400464.0,107.577,3.22,3298.037,3269.177,3283.699,126990686.4,114292549.6,133543116.0
2015-10-09,3302.36,3352.379,3340.116,3293.965,124352496.0,43.634,1.32,3244.27,3258.311,3278.016,100140720.0,106774701.6,130203074.4
2015-10-08,3324.981,3337.331,3296.482,3294.605,132081768.0,93.534,2.92,3224.797,3255.124,3273.534,90114115.2,106618319.2,134196671.2
2015-10-07,3195.901,3223.908,3202.948,3186.767,78559352.0,24.094,0.76,3211.891,3250.603,3277.002,87981617.6,104100490.4,144982053.2
2015-09-30,3195.901,3223.908,3202.948,3186.767,78559352.0,24.094,0.76,3228.301,3254.008,3284.959,92671995.2,113184744.0,158677012.0
2015-09-29,3197.221,3208.417,3178.854,3159.042,87150632.0,-63.898,-1.97,3240.317,3264.638,3293.138,101594412.8,121299808.8,168761564.4
2015-09-28,3226.607,3246.554,3242.752,3186.507,74219472.0,10.801,0.33,3272.352,3261.976,3301.31,113408683.2,126940310.4,179378954.4
2015-09-25,3272.665,3290.858,3231.951,3201.914,121419280.0,-53.048,-1.61,3285.451,3265.814,3299.454,123122523.2,140064088.0,189032727.2
2015-09-24,3278.896,3300.857,3284.999,3255.902,102011240.0,21.971,0.67,3289.315,3277.338,3289.141,120219363.2,138776910.4,198375294.4
2015-09-23,3290.071,3315.935,3263.028,3253.333,123171440.0,-76.002,-2.28,3279.715,3284.594,3277.037,133697492.8,143064084.0,207078798.0
2015-09-22,3312.366,3371.414,3339.03,3303.184,146221984.0,30.783,0.93,3288.959,3298.222,3277.663,141005204.8,152793682.4,213692058.8
2015-09-21,3222.603,3312.55,3308.247,3211.934,122788672.0,56.974,1.75,3251.6,3297.721,3290.188,140471937.6,153631447.2,217280279.6
2015-09-18,3254.443,3280.877,3251.273,3227.834,106903480.0,14.274,0.44,3246.177,3291.945,3312.848,157005652.8,161775023.2,221749244.4
2015-09-17,3287.657,3354.905,3236.999,3236.999,169401888.0,-72.249,-2.18,3265.36,3303.401,3344.591,157334457.6,185863616.0,229856561.6
2015-09-16,3149.158,3345.918,3309.248,3131.37,159710000.0,157.016,4.98,3289.472,3315.909,3374.012,152430675.2,204169280.0,237380520.0
2015-09-15,3208.744,3240.079,3152.232,3131.98,143555648.0,-128.9,-3.93,3307.484,3321.638,3412.443,164582160.0,216223320.0,242242001.6
2015-09-14,3367.642,3373.921,3281.132,3187.566,205457248.0,-66.056,-1.97,3343.842,3340.643,3458.509,166790956.8,231817598.4,247733868.8
2015-09-11,3349.877,3383.134,3347.188,3315.478,108547504.0,-10.373,-0.31,3337.712,3333.094,3498.225,166544393.6,238001366.4,249602855.2
2015-09-10,3349.281,3398.316,3357.561,3337.311,144882976.0,-41.744,-1.23,3341.441,3300.944,3531.672,214392774.4,257973678.4,256932789.6
2015-09-09,3344.824,3426.651,3399.305,3330.29,220467424.0,65.282,1.96,3342.346,3269.481,3567.127,255907884.8,271093512.0,265790349.6
2015-09-08,3221.789,3340.219,3334.023,3170.807,154599632.0,83.538,2.57,3335.792,3257.104,3601.38,267864480.0,274590435.2,270106005.6
2015-09-07,3347.293,3422.225,3250.485,3240.243,204224432.0,-115.347,-3.43,3337.444,3282.655,3630.027,296844240.0,280929112.0,271543481.6
2015-09-02,3220.851,3387.02,3365.832,3213.637,347789408.0,3.749,0.11,3328.475,3333.752,3659.095,309458339.2,281723465.6,268696194.4
2015-09-01,3296.529,3370.504,3362.083,3190.578,352458528.0,-4.453,-0.13,3260.447,3385.782,3684.148,301554582.4,273849507.2,261330937.6
2015-08-31,3307.396,3368.279,3366.536,3205.537,280250400.0,24.25,0.73,3196.616,3432.115,3713.452,286279139.2,270591760.0,254719839.2
2015-08-28,3246.236,3353.244,3342.286,3223.622,299498432.0,136.648,4.26,3178.415,3503.249,3736.587,281316390.4,268260683.2,252997570.4
2015-08-27,3092.812,3206.724,3205.638,3028.398,267294928.0,179.946,5.95,3227.865,3576.374,3760.308,265013984.0,263650139.2,249141487.2
2015-08-26,3062.566,3192.932,3025.692,2952.008,308270624.0,-17.235,-0.57,3339.029,3663.357,3790.796,253988592.0,261204344.0,249354174.4
2015-08-25,3070.007,3200.108,3042.927,3019.556,276081312.0,-232.607,-7.1,3511.117,3762.4,3836.031,246144432.0,255891900.8,247789284.8
2015-08-24,3454.598,3468.149,3275.534,3266.55,255436656.0,-314.002,-8.75,3667.614,3864.774,3874.439,254904380.8,260487187.2,253161580.8
2015-08-21,3714.289,3757.779,3589.536,3578.175,217986400.0,-171.918,-4.57,3828.082,3945.657,3901.599,255204976.0,265621576.0,258642472.8
2015-08-20,3848.403,3880.824,3761.454,3761.454,212167968.0,-124.682,-3.21,3924.883,3977.398,3930.936,262286294.4,262157851.2,267345421.6
2015-08-19,3748.266,3898.74,3886.136,3668.192,269049824.0,60.724,1.59,3987.685,3984.438,3955.403,268420096.0,255668923.2,274460610.4
2015-08-18,4084.311,4103.054,3825.412,3816.554,319881056.0,-252.46,-6.19,4013.683,3982.514,3968.955,265639369.6,248812368.0,276955418.4
2015-08-17,4058.113,4081.772,4077.872,4009.99,256939632.0,4.332,0.11,4061.934,3994.789,3985.984,266069993.6,238847918.4,276880112.8
2015-08-14,4097.918,4113.159,4073.54,4056.727,253392992.0,-1.923,-0.05,4063.233,3969.925,3990.121,276038176.0,237734457.6,281666804.8
2015-08-13,4010.013,4075.7,4075.463,3967.821,242836976.0,59.337,1.48,4029.914,3944.241,3994.019,262029408.0,234632835.2,285552512.0
2015-08-12,4025.674,4078.03,4016.126,4015.355,255146192.0,-50.543,-1.24,3981.191,3918.236,3990.114,242917750.4,237504004.8,289937231.2
2015-08-11,4083.589,4110.133,4066.669,4042.004,322034176.0,-17.696,-0.43,3951.346,3909.661,3987.645,231985366.4,239686668.8,298277739.2
2015-08-10,3947.472,4101.731,4084.365,3932.842,306780544.0,177.42,4.54,3927.643,3884.104,3989.919,211625843.2,245835974.4,304897131.2
2015-08-07,3866.43,3926.649,3906.945,3857.908,183349152.0,75.093,1.96,3876.617,3857.54,3996.292,199430739.2,251663369.6,314662713.6
2015-08-06,3802.928,3888.693,3831.852,3793.237,147278688.0,-35.048,-0.91,3858.568,3884.474,4006.272,207236262.4,272532992.0,330530345.6
2015-08-05,3937.623,3962.277,3866.9,3858.66,200484272.0,-81.255,-2.06,3855.28,3926.369,4009.561,232090259.2,293252297.6,348359942.4
2015-08-04,3827.373,3948.449,3948.155,3801.028,220236560.0,118.92,3.11,3867.976,3955.395,3999.368,247387971.2,305098468.8,367409082.4
2015-08-03,3766.072,3829.235,3829.235,3742.578,245805024.0,12.536,0.33,3840.564,3977.18,3998.36,280046105.6,314912307.2,390366505.6
2015-07-31,3777.155,3863.624,3816.699,3757.989,222376768.0,1.287,0.03,3838.463,4010.318,4006.825,303896000.0,325599152.0,410480980.8
2015-07-30,3915.78,3968.534,3815.412,3802.882,271548672.0,-114.967,-2.92,3910.379,4043.797,4010.286,337829721.6,336472188.8,420827185.6
2015-07-29,3839.959,3934.003,3930.379,3769.189,276972832.0,119.286,3.13,3997.457,4061.992,4024.915,354414336.0,342370457.6,430102862.4
2015-07-28,3690.974,3883.446,3811.093,3627.421,383527232.0,-7.638,-0.2,4042.814,4065.63,4041.048,362808966.4,356868809.6,437840291.2
2015-07-27,4097.796,4156.313,3818.731,3817.169,365054496.0,-357.548,-8.56,4113.796,4095.735,4074.143,349778508.8,363958288.0,445016193.6
2015-07-24,4255.198,4299.65,4176.279,4154.617,392045376.0,-74.526,-1.75,4182.172,4135.043,4092.784,347302304.0,377662057.6,453046593.6
2015-07-23,4158.932,4262.062,4250.805,4148.824,354471744.0,93.645,2.25,4177.216,4128.071,4100.78,335114656.0,388527699.2,455776313.6
2015-07-22,4148.56,4187.431,4157.16,4094.712,318945984.0,-8.846,-0.21,4126.526,4092.753,4123.565,330326579.2,403467587.2,460359524.8
2015-07-21,4109.761,4201.482,4166.006,4081.704,318374944.0,5.394,0.13,4088.446,4043.341,4159.713,350928652.8,429719696.0,466144161.6
2015-07-20,4157.06,4221.693,4160.612,4106.389,352673472.0,9.116,0.22,4077.674,4019.541,4190.718,378138067.2,465820704.0,468479811.2
2015-07-17,4023.757,4190.186,4151.496,4000.231,331107136.0,154.14,3.86,4087.914,4003.333,4214.54,408021811.2,495362809.6,468751374.4
2015-07-16,3949.639,4067.022,3997.356,3856.321,330531360.0,30.597,0.77,4078.926,3976.775,4253.492,441940742.4,505182182.4,470415808.0
2015-07-15,4068.88,4114.243,3966.759,3899.508,421956352.0,-145.39,-3.54,4058.98,3987.839,4310.566,476608595.2,517835267.2,473745449.6
2015-07-14,4178.63,4258.513,4112.149,4062.5,454422016.0,-99.663,-2.37,3998.236,4016.466,4365.469,508510739.2,518811772.8,473231414.4
2015-07-13,4132.231,4278.161,4211.812,4072.43,502092192.0,105.256,2.56,3961.407,4052.55,4420.92,553503340.8,526074099.2,474297598.4
2015-07-10,3916.272,4179.111,4106.556,3887.551,500701792.0,208.93,5.36,3918.752,4050.524,4477.085,582703808.0,528431129.6,470699558.4
2015-07-09,3621.68,3930.264,3897.626,3537.826,503870624.0,234.588,6.4,3874.624,4073.488,4537.087,568423622.4,523024928.0,465281406.4
2015-07-08,3651.06,3762.622,3663.038,3612.254,581467072.0,-264.965,-6.75,3916.698,4154.377,4607.661,559061939.2,517251462.4,462196158.4
2015-07-07,3877.854,3960.636,3928.003,3743.624,679385024.0,-70.534,-1.76,4034.695,4276.086,4690.382,529112806.4,502568627.2,461644168.0
2015-07-06,4218.266,4218.266,3998.537,3832.468,648094528.0,112.62,2.9,4143.694,4361.895,4761.67,498644857.6,471138918.4,459540577.6
2015-07-03,4017.202,4164.629,3885.917,3785.902,429300864.0,-222.079,-5.41,4182.296,4425.746,4823.271,474158451.2,442139939.2,454433912.0
2015-07-02,4287.734,4312.19,4107.996,4000.061,457062208.0,-145.025,-3.41,4272.352,4530.209,4888.045,477626233.6,435649433.6,457107232.0
2015-07-01,4408.984,4526.127,4253.021,4235.696,431721408.0,-219.977,-4.92,4392.056,4633.293,4939.825,475440985.6,429655632.0,454967035.2
2015-06-30,4161.067,4475.767,4472.998,4016.013,527045280.0,281.449,6.71,4517.477,4714.473,4985.268,476024448.0,427651056.0,454029624.0
2015-06-29,4446.842,4451.166,4191.549,4000.926,525662496.0,-144.646,-3.34,4580.095,4789.29,5015.427,443632979.2,422521097.6,448552547.2
2015-06-26,4573.872,4650.186,4336.195,4278.675,446639776.0,-370.321,-7.87,4669.196,4903.646,5047.891,410121427.2,412967987.2,443663364.8
2015-06-25,4906.242,4919.263,4706.516,4667.224,446135968.0,-173.61,-3.56,4788.067,5000.686,5072.781,393672633.6,407537884.8,449922828.8
2015-06-24,4811.595,4883.732,4880.126,4744.306,434638720.0,94.035,1.97,4874.53,5060.945,5096.527,383870278.4,407140854.4,451155966.4
2015-06-23,4641.425,4786.955,4786.091,4455.33,365087936.0,149.039,3.21,4911.469,5104.679,5112.467,379277664.0,420719708.8,453821497.6
2015-06-19,4847.057,4910.45,4637.052,4634.691,358104736.0,-293.497,-5.95,4998.484,5161.445,5128.137,401409216.0,447942236.8,458853929.6
2015-06-18,5107.695,5121.218,4930.549,4926.429,364395808.0,-208.282,-4.05,5138.097,5220.795,5143.851,415814547.2,466727884.8,463741028.8
2015-06-17,5072.306,5158.367,5138.831,4949.293,397124192.0,74.01,1.46,5213.305,5245.882,5139.372,421403136.0,478565030.4,460773964.8
2015-06-16,5165.025,5204.303,5064.821,5015.265,411675648.0,-156.346,-2.99,5247.361,5246.358,5120.177,430411430.4,480278438.4,459076792.0
2015-06-15,5354.014,5362.452,5221.167,5207.308,475745696.0,-113.948,-2.14,5297.889,5256.062,5103.497,462161753.6,480408192.0,454232307.2
2015-06-12,5329.278,5351.648,5335.115,5283.086,430131392.0,28.525,0.54,5324.406,5241.564,5071.196,494475257.6,474583996.8,443904046.4
2015-06-11,5305.141,5329.295,5306.59,5248.163,392338752.0,-2.522,-0.05,5303.493,5192.135,5035.313,517641222.4,474358742.4,438819035.2
2015-06-10,5254.304,5374.83,5309.112,5209.68,442165664.0,-8.349,-0.16,5278.458,5144.877,5005.023,535726924.8,492307772.8,436088355.2
2015-06-09,5379.47,5380.426,5317.461,5251.208,570427264.0,-36.29,-0.68,5245.354,5132.109,4975.489,530145446.4,495171078.4,432516593.6
2015-06-08,5259.408,5370.609,5353.751,5202.595,637313216.0,123.199,2.35,5214.236,5120.255,4946.987,498654630.4,486923286.4,422847924.8
2015-06-05,5254.905,5288.34,5230.552,5104.178,545961216.0,49.136,0.95,5158.721,5094.829,4913.826,454692736.0,469765622.4,409674185.6
2015-06-04,5156.012,5194.233,5181.416,4863.465,482767264.0,37.826,0.73,5080.777,5066.907,4880.219,431076262.4,460754172.8,397496523.2
2015-06-03,5176.597,5186.967,5143.59,5059.495,414258272.0,-18.28,-0.35,5011.295,5032.863,4844.652,448888620.8,442982899.2,388246120.0
2015-06-02,5091.272,5162.556,5161.87,5047.081,412973184.0,85.691,1.69,5018.864,4993.996,4815.139,460196710.4,437875145.6,386336891.2
2015-06-01,4862.756,5079.319,5076.179,4835.774,417503744.0,235.35,4.86,5026.273,4950.931,4786.887,475191942.4,428056422.4,388709212.8
2015-05-29,4839.53,4924.303,4840.829,4665.521,427878848.0,6.822,0.14,5030.937,4900.828,4772.466,484838508.8,413224096.0,386726217.6
2015-05-28,5174.101,5213.183,4834.007,4831.329,571829056.0,-347.427,-6.71,5053.038,4878.492,4767.918,490432083.2,403279328.0,385318648.0
2015-05-27,5216.17,5226.844,5181.434,5126.861,470798720.0,-17.484,-0.34,5054.432,4865.169,4764.934,437077177.6,379868937.6,376480044.8
2015-05-26,5140.798,5199.295,5198.918,5063.146,487949344.0,99.423,1.95,4969.129,4818.869,4742.956,415553580.8,369862108.8,383372035.2
2015-05-25,4949.11,5099.839,5099.495,4949.11,465736576.0,148.16,2.99,4875.589,4773.719,4723.389,380920902.4,358772563.2,384628395.2
2015-05-22,4895.925,4951.991,4951.335,4870.598,455846720.0,110.359,2.28,4770.718,4732.823,4703.547,341609683.2,349582748.8,385349212.8
2015-05-21,4768.689,4841.615,4840.976,4746.029,305054528.0,86.057,1.81,4703.945,4693.53,4693.025,316126572.8,334238873.6,387428424.0
2015-05-20,4751.572,4843.1,4754.919,4745.21,363180736.0,23.697,0.5,4675.906,4656.441,4687.966,322660697.6,333509340.8,397986387.2
2015-05-19,4577.637,4740.005,4731.222,4577.637,314785952.0,156.082,3.41,4668.609,4636.282,4681.179,324170636.8,334798636.8,404343099.2
2015-05-18,4582.058,4623.383,4575.14,4565.061,269180480.0,-42.33,-0.92,4671.849,4622.843,4670.714,336624224.0,349362003.2,422925756.8
2015-05-15,4690.755,4690.755,4617.47,4592.05,328431168.0,-83.308,-1.77,4694.927,4644.103,4671.763,357555814.4,360228339.2,437106867.2
2015-05-14,4717.955,4735.284,4700.778,4670.168,337725152.0,-17.658,-0.37,4683.114,4657.345,4666.567,352351174.4,367357968.0,441815496.0
2015-05-13,4746.713,4758.002,4718.436,4678.845,370730432.0,-28.985,-0.61,4636.976,4664.7,4650.554,344357984.0,373091152.0,448536945.6
2015-05-12,4692.122,4748.004,4747.421,4660.016,377053888.0,56.889,1.21,4603.955,4667.042,4636.541,345426636.8,396881961.6,451722030.4
2015-05-11,4582.091,4690.954,4690.532,4535.149,373838432.0,132.128,2.9,4573.838,4673.059,4620.224,362099782.4,410484227.2,454576987.2
2015-05-08,4515.554,4559.058,4558.404,4445.592,302407968.0,88.315,1.98,4593.28,4674.27,4602.918,362900864.0,421115676.8,453294574.4
2015-05-07,4520.818,4546.338,4470.089,4467.459,297759200.0,-83.238,-1.83,4631.576,4692.519,4588.105,382364761.6,440617974.4,460159171.2
2015-05-06,4626.231,4700.909,4553.327,4511.761,376073696.0,-43.51,-0.95,4692.423,4719.492,4579.39,401824320.0,462463433.6,468205046.4
2015-05-05,4785.192,4785.192,4596.837,4572.983,460419616.0,-190.904,-3.99,4730.13,4726.075,4564.726,448337286.4,473887561.6,470169494.4
2015-05-04,4757.637,4795.915,4787.741,4699.398,377843840.0,37.855,0.8,4772.281,4718.584,4543.411,458868672.0,496489510.4,463213702.4
2015-04-30,4788.412,4818.725,4749.886,4749.485,399727456.0,-24.44,-0.51,4755.261,4699.423,4510.263,479330489.6,513985395.2,461275035.2
2015-04-29,4722.903,4797.927,4774.326,4695.793,395056992.0,32.465,0.69,4753.462,4675.789,4478.964,498871187.2,516273024.0,457764305.6
2015-04-28,4811.319,4839.078,4741.861,4703.567,608638528.0,-65.731,-1.37,4746.56,4636.408,4442.807,523102547.2,523982739.2,459814737.6
2015-04-27,4753.871,4810.485,4807.592,4735.31,513076544.0,104.951,2.23,4722.021,4606.04,4410.123,499437836.8,506562099.2,450797662.4
2015-04-24,4682.626,4730.43,4702.641,4618.318,480152928.0,-38.251,-0.81,4664.886,4567.388,4368.329,534110348.8,498669747.2,440081638.4
2015-04-23,4764.481,4782.044,4740.892,4693.967,497430944.0,1.078,0.02,4643.585,4531.566,4330.696,548640300.8,485473472.0,433411808.0
2015-04-22,4637.055,4740.933,4739.814,4632.589,516213792.0,120.65,2.61,4598.116,4483.69,4290.672,533674860.8,479700368.0,427538704.0
2015-04-21,4520.461,4620.058,4619.164,4504.558,490314976.0,97.245,2.15,4526.256,4439.289,4252.334,524862931.2,473946659.2,425157080.0
2015-04-20,4615.034,4671.168,4521.919,4492.6,686439104.0,-74.217,-1.61,4490.06,4403.377,4219.979,513686361.6,466451427.2,420197328.0
2015-04-17,4578.679,4630.27,4596.136,4553.904,552802688.0,82.59,1.83,4469.89,4368.239,4188.512,463229145.6,429937894.4,405966249.6
2015-04-16,4355.491,4513.765,4513.546,4335.63,422603744.0,133.033,3.04,4419.546,4321.103,4150.692,422306643.2,408564675.2,397903496.0
2015-04-15,4439.314,4475.997,4380.513,4379.609,472154144.0,-57.671,-1.3,4369.265,4282.138,4117.317,425725875.2,399255587.2,397532809.6
2015-04-14,4432.126,4474.353,4438.184,4385.908,434432128.0,17.111,0.39,4352.323,4249.207,4086.148,423030387.2,395646736.0,392506385.6
2015-04-13,4394.047,4432.024,4421.073,4361.589,434153024.0,76.657,1.76,4316.695,4214.207,4049.522,419216492.8,395033225.6,384556694.4
2015-04-10,4249.383,4351.687,4344.416,4231.196,348190176.0,82.278,1.93,4266.588,4169.269,4009.351,396646643.2,381493529.6,375192281.6
2015-04-09,4316.958,4332.166,4262.138,4212.611,439699904.0,-33.665,-0.78,4222.66,4129.827,3971.773,394822707.2,381350144.0,371066004.0
2015-04-08,4277.45,4304.78,4295.803,4204.826,458676704.0,35.759,0.84,4195.011,4097.655,3934.898,372785299.2,375377040.0,358528400.0
2015-04-07,4213.894,4260.471,4260.044,4197.019,415362656.0,89.506,2.15,4146.091,4065.379,3896.139,368263084.8,376367500.8,345307948.0
2015-04-03,4104.672,4170.558,4170.538,4092.383,321303776.0,45.762,1.11,4111.718,4036.581,3860.024,370849958.4,373943228.8,336236836.0
2015-04-02,4149.946,4156.842,4124.776,4068.649,339070496.0,0.881,0.02,4071.95,4008.784,3825.423,366340416.0,381994604.8,329247549.6
2015-04-01,4057.501,4139.499,4123.895,4046.939,329512864.0,72.691,1.79,4036.995,3980.281,3794.002,367877580.8,387242316.8,323169464.8
2015-03-31,4138.885,4166.018,4051.204,4037.771,436065632.0,-36.974,-0.9,4000.298,3952.496,3764.348,377968780.8,395810032.0,316677020.8
2015-03-30,3999.024,4101.651,4088.178,3999.024,428297024.0,116.481,2.93,3984.666,3923.088,3737.183,384471916.8,389366035.2,307967064.0
2015-03-27,3957.542,3993.032,3971.697,3932.87,298756064.0,21.698,0.55,3961.443,3884.838,3712.837,377036499.2,374080163.2,298961019.2
2015-03-26,3921.745,3991.997,3949.999,3892.878,346756320.0,9.587,0.24,3945.618,3849.434,3692.894,397648793.6,368891033.6,295162537.6
2015-03-25,3961.578,3980.716,3940.412,3913.988,379968864.0,-32.634,-0.82,3923.566,3813.718,3673.709,406607052.8,360781864.0,289291143.2
2015-03-24,3980.066,3989.858,3973.046,3883.782,468581312.0,0.985,0.03,3904.695,3772.142,3650.625,413651283.2,341679760.0,278569667.2
2015-03-23,3923.083,3972.296,3972.061,3922.21,391119936.0,79.487,2.04,3861.51,3726.899,3628.089,394260153.6,314248395.2,263407017.6
2015-03-20,3852.492,3916.863,3892.574,3832.416,401817536.0,52.835,1.38,3808.232,3683.468,3605.602,371123827.2,298530443.2,252117436.8
2015-03-19,3851.249,3859.126,3839.739,3809.706,391547616.0,-6.316,-0.16,3753.249,3642.062,3585.947,340133273.6,276500494.4,240308627.2
2015-03-18,3769.086,3846.055,3846.055,3763.848,415190016.0,88.933,2.37,3703.87,3607.723,3567.452,314956675.2,259096612.8,230785744.8
2015-03-17,3733.961,3762.575,3757.122,3716.809,371625664.0,51.451,1.39,3639.589,3576.199,3547.293,269708236.8,237544009.6,217830328.8
2015-03-16,3641.773,3705.739,3705.671,3621.119,275438304.0,88.014,2.43,3592.287,3551.277,3531.143,234236636.8,226568092.8,206479734.4
2015-03-13,3604.671,3641.392,3617.657,3594.742,246864768.0,24.813,0.69,3558.703,3540.837,3516.206,225937059.2,223841875.2,200673273.6
2015-03-12,3557.686,3603.341,3592.844,3536.534,265664624.0,68.191,1.94,3530.876,3536.355,3502.62,212867715.2,221434041.6,196947726.4
2015-03-11,3524.575,3568.916,3524.653,3512.218,188947824.0,4.042,0.12,3511.576,3533.7,3488.598,203236550.4,217800422.4,193297704.8
2015-03-10,3523.64,3551.205,3520.611,3511.985,194267664.0,-17.139,-0.48,3512.809,3529.108,3480.713,205379782.4,215459574.4,196371844.0
2015-03-09,3449.696,3546.705,3537.75,3417.486,233940416.0,59.23,1.7,3510.267,3529.279,3474.771,218899548.8,212565640.0,196223678.4
2015-03-06,3501.184,3516.243,3478.52,3472.392,181518048.0,-17.824,-0.51,3522.97,3527.736,3469.756,221746691.2,205704430.4,194168962.4
2015-03-05,3513.249,3517.083,3496.344,3467.676,217508800.0,-34.478,-0.98,3541.835,3529.832,3463.528,230000368.0,204116760.0,194852244.8
2015-03-04,3514.667,3540.912,3530.822,3497.172,199663984.0,22.922,0.65,3555.825,3527.181,3460.43,232364294.4,202474876.8,193800762.4
2015-03-03,3579.315,3579.315,3507.9,3504.201,261866496.0,-93.365,-2.59,3545.406,3518.386,3457.979,225539366.4,198116648.0,194398506.4
2015-03-02,3603.452,3608.691,3601.265,3566.527,248176128.0,28.422,0.8,3548.291,3511.009,3458.85,206231731.2,186391376.0,192116192.0
2015-02-27,3565.233,3594.813,3572.843,3560.455,222786432.0,6.548,0.18,3532.502,3491.576,3457.533,189662169.6,177504672.0,194090844.8
2015-02-26,3473.713,3569.33,3566.295,3456.871,229328432.0,87.566,2.52,3517.83,3468.884,3459.29,178233152.0,172461411.2,194939833.6
2015-02-25,3529.55,3529.55,3478.729,3463.955,165539344.0,-43.593,-1.24,3498.537,3443.497,3459.562,172585459.2,168794987.2,197482020.0
2015-02-24,3511.544,3536.82,3522.322,3511.093,165328320.0,22.839,0.65,3491.366,3432.318,3464.006,170693929.6,177284113.6,202647732.8
2015-02-17,3511.544,3536.82,3522.322,3511.093,165328320.0,22.839,0.65,3473.726,3420.263,3465.335,166551020.8,179881716.8,211277728.0
2015-02-16,3473.289,3504.475,3499.483,3466.607,165641344.0,29.655,0.85,3450.65,3411.775,3459.03,165347174.4,182633494.4,217903473.6
2015-02-13,3458.827,3509.505,3469.828,3452.079,201089968.0,26.954,0.78,3419.938,3397.223,3451.813,166689670.4,185587729.6,226096670.4
2015-02-12,3435.361,3453.582,3442.874,3405.627,156081696.0,8.75,0.26,3388.456,3393.679,3460.079,165004515.2,185126648.0,230176252.0
2015-02-11,3415.977,3445.655,3434.124,3412.136,144613776.0,27.181,0.8,3373.271,3397.571,3468.141,183874297.6,190680364.8,234262784.0
2015-02-10,3345.077,3407.18,3406.943,3339.548,159309088.0,61.022,1.82,3366.8,3406.691,3471.556,193212412.8,197841008.0,236832720.8
2015-02-09,3305.734,3376.526,3345.921,3298.597,172353824.0,33.501,1.01,3372.9,3423.49,3476.911,199919814.4,210677017.6,238224964.8
2015-02-06,3352.33,3374.051,3312.42,3285.935,192664192.0,-54.526,-1.62,3374.508,3449.697,3485.294,204485788.8,217418256.0,242935632.0
2015-02-05,3487.951,3487.951,3366.946,3366.862,250430608.0,-34.822,-1.02,3398.902,3475.628,3497.009,205248780.8,226169052.8,250801555.2
2015-02-04,3446.144,3476.817,3401.768,3399.565,191304352.0,-35.677,-1.04,3421.872,3495.695,3506.625,197486432.0,228011352.0,253030176.8
2015-02-03,3388.602,3441.709,3437.445,3360.717,192846096.0,83.485,2.49,3446.583,3510.406,3518.726,202469603.2,242673739.2,259474520.8
2015-02-02,3360.193,3407.256,3353.96,3347.085,195183696.0,-80.43,-2.34,3474.08,3506.284,3528.907,221434220.8,253173452.8,270880324.8
2015-01-30,3496.885,3514.217,3434.39,3431.936,196479152.0,-47.408,-1.36,3524.885,3506.403,3543.286,230350723.2,266605611.2,283681045.6
2015-01-29,3474.915,3505.582,3481.798,3453.901,211618864.0,-43.525,-1.24,3552.354,3526.479,3548.251,247089324.8,275225856.0,291153825.6
2015-01-28,3547.239,3583.312,3525.323,3512.393,216220208.0,-49.608,-1.39,3569.517,3538.711,3547.039,258536272.0,277845203.2,296984576.8
2015-01-27,3614.038,3616.258,3574.931,3510.017,287669184.0,-33.054,-0.92,3574.229,3536.421,3543.546,282877875.2,275824433.6,307424318.4
2015-01-26,3580.118,3611.617,3607.985,3559.376,239766208.0,36.253,1.01,3538.487,3530.332,3537.091,284912684.8,265772912.0,312271564.8
2015-01-23,3582.088,3627.806,3571.732,3548.626,280172160.0,4.119,0.12,3487.921,3520.891,3523.463,302860499.2,268453008.0,315773232.0
2015-01-22,3551.052,3576.756,3567.613,3520.053,268853600.0,18.728,0.53,3500.604,3518.39,3506.396,303362387.2,275434057.6,317637104.0
2015-01-21,3420.491,3557.794,3548.885,3409.43,337928224.0,152.663,4.5,3507.906,3517.555,3494.261,297154134.4,278049001.6,322681228.8
2015-01-20,3336.793,3419.204,3396.222,3325.681,297843232.0,41.067,1.22,3498.613,3527.046,3486.541,268770992.0,276275302.4,333274900.8
2015-01-19,3414.013,3497.252,3355.155,3330.981,329505280.0,-279.991,-7.7,3522.177,3551.529,3491.294,246633139.2,288587196.8,335139725.47
2015-01-16,3616.248,3662.158,3635.146,3601.258,282681600.0,31.025,0.86,3553.861,3580.168,3498.858,234045516.8,300756480.0,335452750.22
2015-01-15,3501.719,3604.121,3604.121,3482.27,237812336.0,101.698,2.9,3536.177,3570.024,3490.841,247505728.0,307081795.2,338556935.53
2015-01-14,3522.907,3547.242,3502.423,3471.56,196012512.0,-11.617,-0.33,3527.204,3555.367,3483.761,258943868.8,316123950.4,344853473.0
2015-01-13,3506.451,3550.158,3514.04,3494.768,187153968.0,0.464,0.01,3555.478,3550.67,3482.517,283779612.8,339024203.2,354776203.73
2015-01-12,3531.515,3560.527,3513.576,3461.322,266567168.0,-33.147,-0.94,3580.881,3543.85,3480.265,330541254.4,358770217.6,366749220.57
2015-01-09,3547.574,3689.753,3546.723,3536.395,349982656.0,-12.536,-0.35,3606.474,3526.034,3477.703,367467443.2,363093456.0,374455532.31
2015-01-08,3650.073,3659.945,3559.259,3552.1,295003040.0,-84.531,-2.32,3603.871,3494.401,3471.951,366657862.4,359840150.4,376494938.67
2015-01-07,3620.924,3671.19,3643.79,3601.698,320191232.0,2.731,0.07,3583.53,3470.967,3464.014,373304032.0,367313456.0,383903293.09
2015-01-06,3608.428,3683.226,3641.059,3587.231,420962176.0,-0.482,-0.01,3545.863,3446.036,3446.036,394268793.6,390274499.2,390274499.2
2015-01-05,3566.089,3669.042,3641.541,3551.51,451198112.0,107.836,3.05,3506.819,3424.367,3424.367,386999180.8,386864757.33,386864757.33
2014-12-31,3462.389,3542.34,3533.705,3452.498,345934752.0,76.151,2.2,3445.594,3397.22,3397.22,358719468.8,378823088.0,378823088.0
2014-12-30,3450.814,3491.826,3457.554,3422.174,328233888.0,2.099,0.06,3384.93,3377.722,3377.722,353022438.4,383521421.71,383521421.71
2014-12-29,3502.183,3524.28,3455.455,3405.836,425015040.0,9.616,0.28,3358.404,3364.417,3364.417,361322880.0,392736010.67,392736010.67
2014-12-26,3343.64,3453.338,3445.839,3335.012,384614112.0,110.42,3.31,3346.21,3346.21,3346.21,386280204.8,386280204.8,386280204.8
2014-12-25,3254.48,3335.779,3335.419,3226.322,309799552.0,105.034,3.25,3321.302,3321.302,3321.302,386696728.0,386696728.0,386696728.0
2014-12-24,3332.146,3340.357,3230.385,3188.495,317449600.0,-94.539,-2.84,3316.597,3316.597,3316.597,412329120.0,412329120.0,412329120.0
2014-12-23,3358.798,3431.779,3324.924,3316.913,369736096.0,-69.557,-2.05,3359.703,3359.703,3359.703,459768880.0,459768880.0,459768880.0
2014-12-22,3396.251,3455.207,3394.481,3357.661,549801664.0,11.314,0.33,3394.481,3394.481,3394.481,549801664.0,549801664.0,549801664.0
